PLAYER_ID,GP,GS,MIN,FGM,FGA,FG3M,FG3A,FTM,FTA,OREB,DREB,AST,STL,BLK,TOV,PF,PTS
2544,278,277,9795.0,2872,5661,645,1862,1225,1717,280,1972,2212,321,185,1000,491,7614
76526,283,116,6027.0,987,2279,18.0,80.0,708,832,104,264,1186,179,18,442.0,434,2700
101108,322,322,10293.0,1832,3890,501,1377,899,1025,136,1324,2793,536,90,736,730,5064
200752,310,58,6515.0,1172,2636,357,1015,426,513,254,1286,497,178,144,351,540,3127
200768,287,276,9764.0,1370,3250,703,1942,859,1006,184,1174,2090,342,109,757,819,4302
200782,250,211,6613.0,435,1007,215,571,106,140,297,793,331,175,70,190,591,1191
201142,184,181,6548.0,1868,3442,386,949,1196,1315,76,1204,1016,141,231,623,381,5318
201143,295,289,8707.0,1362,2840,462,1228,252,313,433,1589,1068,215,326,313,567,3438
201144,257,255,7612.0,1150,2651,577,1451,532,642,149,609,1590,312,58,428,518,3409
201145,247,109,5735.0,857,1731,248,705,450,567,137,634,323,108,90,213,461,2412
201152,226,34,4137.0,760,1404,52,175,135,237,399,606,574,236,81,283,402,1707
201565,153,10,3532.0,757,1655,156,413,261,297,69,309,567,127,55,217,145,1931
201566,289,191,9299.0,1956,4453,343,1110,949,1440,397,1779,2415,316,109,1117,749,5204
201567,223,69,4766.0,760,1861,442,1225,368,431,222,1298,455,74,44,276,321,2330
201568,268,173,7458.0,1334,3029,590,1470,1016,1121,149,1210,515,162,60,282,432,4274
201569,222,175,6390.0,1009,2237,457,1223,483,595,55,384,591,128,81,366,263,2958
201572,310,307,8711.0,1507,3127,539,1535,528,640,371,1257,352,182,653,335,738,4081
201577,284,61,4829.0,878,1533,51,164,262,385,428,468,262,40,193,303,439,2069
201580,265,49,3557.0,848,1381,13,48,288,429,440,936,139,68,254,313,550,1997
201587,301,186,7867.0,811,1823,472,1206,193,243,237,1122,682,269,174,282,512,2287
201599,192,91,3076.0,462,650,1,2,112,220,335,822,169,53,158,207,329,1037
201935,196,196,7264.0,1245,2961,482,1386,1306,1493,155,1240,2035,242,109,797,432,4278
201937,268,193,7223.0,985,2509,303,940,636,742,131,850,1759,358,38,585,612,2909
201939,257,257,8774.0,2417,5144,1261,3049,1183,1287,151,1265,1513,311,78,806,543,7278
201942,356,356,12485.0,3074,6120,131,438,2110,2448,228,1603,2028,363,131,816,849,8389
201950,321,313,10816.0,2387,4965,641,1724,733,946,373,1164,2235,491,193,901,640,6148
201959,278,122,5073.0,721,1272,41,125,287,382,502,795,238,148,170,195,628,1770
201976,229,222,5942.0,558,1376,299,861,226,308,179,674,732,222,162,227,656,1641
201980,153,97,3565.0,394,962,310,777,44,56,93,352,194,164,99,132,262,1142
201988,337,53,7991.0,1202,2875,750,1938,329,382,90,516,764,210,39,316,459,3483
202066,251,125,6048.0,675,1695,338,1007,198,258,110,580,436,194,109,220,464,1886
202083,270,135,5899.0,595,1523,366,1038,220,275,126,440,316,152,59,163,443,1776
202322,225,194,7393.0,1603,3718,314,966,954,1267,127,686,1956,332,166,822,407,4474
202330,267,212,8240.0,1516,3191,385,1038,691,825,214,1153,1020,241,93,472,429,4108
202331,266,266,9097.0,2222,4989,869,2237,1224,1427,231,1583,1247,450,111,811,692,6537
202339,267,241,7474.0,1324,2912,374,1123,580,776,185,892,1260,301,100,553,487,3602
202397,217,3,3574.0,551,1288,70,195,51,85,77,407,760,134,66,241,251,1223
202681,203,203,7460.0,2026,4108,628,1609,813,893,186,806,1153,249,144,459,551,5493
202684,168,55,3080.0,451,860,2,9,193,352,409,606,135,70,75,152,315,1097
202685,315,294,8372.0,1977,3495,157,445,804,1010,971,2456,602,139,268,604,938,4915
202687,270,114,4540.0,587,1027,0,1,259,488,490,839,243,68,278,229,544,1433
202691,330,330,11025.0,2666,5780,1153,2793,559,657,171,1101,782,270,167,537,597,7044
202692,247,76,6449.0,1016,2455,474,1175,706,835,135,929,649,216,65,289,543,3212
202693,148,32,2208.0,301,722,134,390,64,79,91,362,158,46,30,110,234,800
202694,238,210,6827.0,1205,2728,495,1227,451,544,149,893,371,151,84,279,548,3356
202695,230,228,7618.0,2055,4152,451,1166,1255,1440,250,1308,973,380,115,479,375,5816
202696,295,295,9860.0,2475,5094,577,1558,486,591,593,2748,1039,260,224,527,634,6013
202699,336,336,11366.0,2366,4819,552,1422,831,970,312,1954,1035,263,198,525,720,6115
202704,278,198,7195.0,1268,3087,481,1370,347,401,113,638,1030,190,34,477,514,3364
202709,253,67,5719.0,728,1603,225,601,301,361,120,478,880,198,62,299,513,1982
202710,241,241,8134.0,1662,3368,134,485,1713,2012,459,1049,1414,446,108,472,338,5171
202711,344,344,10896.0,2198,4721,859,2125,1220,1410,206,1186,700,216,21,674,592,6475
202722,214,8,3569.0,460,1188,378,1029,185,210,52,403,132,78,45,81,359,1483
203076,250,248,8452.0,2294,4392,178,607,1468,1860,679,1952,798,332,541,544,591,6234
203078,289,289,10340.0,2819,5943,652,1879,1516,1795,292,1029,1596,342,151,885,694,7806
203081,300,300,10873.0,2685,5970,1118,2963,2046,2254,190,1145,2223,287,102,883,510,8534
203083,238,97,4445.0,840,1520,0,17,316,582,697,1444,359,241,192,386,570,1996
203084,338,338,11417.0,1739,3777,597,1548,1265,1526,346,1399,736,229,58,453,444,5340
203094,172,3,1999.0,315,722,64,209,84,118,81,324,67,48,46,99,230,778
203095,191,159,5335.0,952,2213,510,1299,314,408,58,457,495,189,61,273,418,2728
203109,210,165,5749.0,687,1693,434,1194,235,302,131,958,439,227,87,186,468,2043
203110,291,289,8896.0,866,1849,173,605,333,461,249,1807,2098,394,265,798,866,2238
203114,306,289,9457.0,2117,4596,690,1789,987,1114,217,1528,1487,306,46,750,702,5911
203200,166,69,3469.0,415,1070,269,768,60,78,39,261,210,95,71,114,290,1159
203457,123,60,2499.0,195,355,2,10,87,124,210,430,89,132,192,111,307,479
203458,193,96,2739.0,452,762,22,73,198,311,232,509,155,57,164,169,382,1124
203468,246,246,8539.0,2064,4556,744,1901,523,711,191,860,1282,254,103,502,482,5395
203469,197,109,4161.0,710,1297,28,131,380,523,464,797,308,116,93,221,514,1828
203471,256,169,7617.0,1226,2858,317,937,736,863,119,685,1241,226,39,561,612,3505
203473,159,17,2127.0,364,657,44,130,161,225,201,539,111,51,86,133,360,933
203482,248,193,6700.0,1080,2237,385,1091,557,671,310,1265,769,249,140,478,746,3102
203484,371,269,10409.0,1433,3230,657,1694,553,651,189,839,676,387,114,376,663,4076
203486,287,249,7398.0,1097,1669,0,9,578,966,779,1705,918,196,196,439,844,2772
203488,204,18,3128.0,494,1099,300,761,161,197,114,553,150,56,85,81,308,1449
203490,127,29,2755.0,404,900,164,441,129,153,148,537,212,111,37,91,172,1101
203493,284,219,8255.0,913,2197,606,1592,189,225,114,824,441,196,46,194,558,2621
203496,260,154,6902.0,724,1734,445,1170,196,240,210,1204,358,345,299,246,661,2089
203497,356,355,11365.0,1975,2902,0,11,1341,2078,1251,3448,510,258,744,619,995,5291
203500,319,318,9087.0,1320,2242,1,10,478,956,1374,1728,734,323,287,501,690,3119
203501,300,200,8972.0,1622,3898,842,2233,695,857,105,924,606,201,40,308,536,4781
203506,83,36,2359.0,430,1052,163,487,177,236,31,280,325,108,27,186,193,1200
203507,326,326,10516.0,3428,6108,326,1130,2347,3434,667,3278,1882,349,391,1170,1004,9529
203552,246,192,7118.0,1186,2479,536,1260,284,320,65,571,714,186,43,334,488,3192
203648,164,11,1365.0,184,363,9,62,72,134,121,173,98,48,27,93,184,449
203897,325,324,11386.0,2876,6031,893,2301,1516,1810,181,1344,1449,304,122,989,688,8161
203903,279,65,7652.0,1775,4086,705,2068,611,728,236,744,768,206,55,527,487,4866
203914,187,148,5074.0,654,1550,306,802,238,281,99,279,323,160,43,163,347,1852
203915,225,209,7430.0,1226,2835,474,1310,731,912,101,718,1376,178,61,394,524,3657
203917,84,0,1093.0,146,366,78,208,65,76,20,113,85,21,7,53,52,435
203920,209,72,4211.0,494,992,27,120,239,334,478,560,241,131,131,125,354,1254
203924,315,265,10079.0,1844,4001,563,1487,1089,1361,270,1119,580,241,317,440,752,5340
203925,302,257,8509.0,1369,2803,749,1657,246,319,187,870,570,166,63,344,653,3733
203926,327,81,6868.0,1282,2622,554,1340,287,356,144,613,385,76,31,238,535,3405
203932,243,243,7198.0,1325,2593,265,785,556,842,443,1010,713,164,163,425,455,3471
203935,320,277,9953.0,1248,3079,590,1725,589,740,223,864,1684,528,121,624,821,3675
203937,317,194,7940.0,1076,2229,206,594,400,567,293,1375,1058,347,239,384,597,2758
203939,333,213,6946.0,1022,1579,67,229,645,869,617,973,400,199,167,272,867,2756
203944,357,333,12260.0,2806,6094,629,1841,1667,2200,663,2800,1540,269,145,1103,1087,7908
203952,235,235,7742.0,1667,3584,497,1326,553,813,294,838,611,233,202,417,551,4384
203954,300,300,9825.0,2817,5561,353,1040,2659,3206,673,2796,1089,284,467,984,894,8646
203957,118,6,1751.0,223,505,50,159,133,174,42,177,203,44,23,121,154,629
203967,230,79,4115.0,663,1434,221,600,318,379,252,758,336,107,34,255,449,1865
203991,308,305,9198.0,1851,2955,0,2,510,892,1300,2582,343,221,475,328,720,4212
203992,292,108,8376.0,1580,3599,759,1965,421,514,138,887,965,296,75,408,592,4340
203994,225,225,6076.0,1228,2373,75,244,695,973,633,1619,696,225,236,522,766,3226
203999,368,368,12126.0,3323,5903,409,1199,1597,1930,972,3220,2953,484,257,1224,1007,8652
204001,210,210,6409.0,1536,3235,390,1118,968,1126,400,1349,480,152,326,350,585,4430
204060,312,172,8738.0,1103,2450,674,1670,272,350,114,997,1468,264,54,553,610,3152
204456,318,23,6770.0,1089,2049,70,199,174,218,186,757,1597,373,71,498,449,2422
1626145,356,83,7503.0,1120,2550,333,921,276,338,98,655,1612,353,25,270,217,2849
1626149,268,14,5541.0,1216,1922,8,50,675,949,523,926,396,121,160,253,477,3115
1626153,253,100,6170.0,740,1596,213,579,308,375,238,700,938,387,96,255,265,2001
1626156,249,233,7881.0,1572,3523,684,1808,670,821,111,646,1578,247,98,649,478,4498
1626157,265,265,8853.0,2276,4453,588,1477,1325,1589,733,2091,1046,231,324,822,973,6465
1626158,262,141,5629.0,1064,1673,9,24,441,572,508,1082,260,142,283,249,754,2578
1626162,264,165,7923.0,1586,3606,538,1616,667,905,317,1053,316,300,151,314,714,4377
1626164,322,322,11204.0,3025,6313,696,1977,1822,2076,193,1232,1800,286,91,1042,933,8568
1626166,272,55,5571.0,1047,2475,351,958,298,362,88,618,1209,182,66,428,511,2743
1626167,287,287,8460.0,1456,2925,385,1084,681,893,403,1604,368,210,748,409,860,3978
1626168,247,55,4678.0,754,1622,235,698,506,633,255,889,256,91,96,216,356,2249
1626171,296,99,7143.0,1515,3132,396,1011,345,454,584,1710,389,177,119,329,575,3771
1626172,325,212,6594.0,804,1371,6,43,274,445,821,1340,634,181,183,212,821,1888
1626174,251,137,6545.0,1465,2820,370,966,739,1068,381,1601,409,152,239,414,529,4039
1626179,347,282,11018.0,2177,5096,900,2429,732,881,236,1223,1428,383,98,567,584,5986
1626181,192,121,5760.0,1180,2486,444,1062,744,906,83,508,378,181,68,316,435,3548
1626192,323,62,7213.0,860,1955,477,1330,163,215,279,1151,469,203,105,186,405,2360
1626196,195,27,4660.0,712,1642,316,832,234,270,124,411,463,194,69,238,350,1974
1626204,192,50,4553.0,572,1071,101,296,165,242,304,781,388,203,94,171,373,1410
1626220,377,279,10775.0,928,2139,549,1423,208,268,256,1655,959,321,169,407,978,2613
1626224,343,171,8875.0,1331,3141,596,1690,442,609,172,939,773,254,57,404,723,3700
1626246,167,17,1368.0,351,603,6,32,179,239,196,380,64,26,38,108,176,887
1627732,317,308,10431.0,1917,3423,5,36,834,1411,563,1917,2383,518,223,1022,916,4673
1627734,265,263,9239.0,1947,3388,161,495,1057,1430,803,2416,1634,259,126,833,888,5112
1627736,278,108,7376.0,1336,3324,838,2274,217,270,124,831,452,203,37,283,364,3727
1627739,137,82,3607.0,528,1178,81,257,156,198,60,468,655,219,53,242,430,1293
1627741,313,208,9913.0,1770,4226,1094,2830,416,487,228,1212,940,301,106,575,699,5050
1627742,275,275,9363.0,2239,4744,462,1243,1295,1571,184,1328,1278,197,150,771,687,6235
1627743,41,0,216.0,25,55,5,21,9,14,14,17,26,12,2,21,18,64
1627745,152,17,2065.0,293,454,30,64,144,200,166,342,103,43,94,111,259,760
1627747,202,132,6132.0,1165,2650,313,899,448,600,149,613,855,187,76,358,452,3091
1627749,356,315,10628.0,2190,4780,342,1025,656,833,370,1897,1940,559,97,716,673,5378
1627750,328,326,10753.0,2251,4962,730,1922,894,1030,277,1024,1552,343,101,710,626,6126
1627751,281,260,7627.0,1453,2329,1,3,395,716,953,1534,717,224,413,442,774,3302
1627752,205,32,4181.0,616,1423,284,733,257,311,79,511,304,131,84,216,389,1773
1627759,322,273,10471.0,2588,5390,716,1976,1004,1357,329,1558,876,351,128,757,856,6896
1627763,277,210,8378.0,1745,3747,514,1331,763,866,244,1065,1375,205,70,512,490,4767
1627777,351,19,5841.0,872,1973,567,1393,153,175,98,680,317,113,46,217,583,2464
1627780,125,18,2023.0,304,495,71,176,50,76,122,274,125,146,33,73,225,729
1627783,335,334,11894.0,2682,5530,451,1330,1377,1759,542,1987,1480,348,220,782,1038,7192
1627788,279,49,5067.0,740,1813,386,1081,267,348,79,526,362,162,39,202,300,2133
1627814,275,47,5640.0,766,1747,362,935,329,371,128,783,381,170,27,224,446,2223
1627826,329,267,7472.0,1241,1981,1,8,647,868,893,1731,394,109,330,406,850,3130
1627827,272,272,8583.0,938,2160,519,1413,177,242,448,885,452,250,136,252,609,2572
1627832,304,268,10584.0,1782,4452,881,2394,882,1009,145,1014,1921,478,147,608,716,5327
1627853,94,8,870.0,73,203,45,122,13,20,5,100,106,20,0,27,86,204
1627863,140,19,2261.0,253,593,125,344,133,176,45,271,132,56,43,92,171,764
1627884,288,59,4902.0,587,1154,137,418,295,399,317,532,175,145,194,142,509,1606
1627936,255,66,5644.0,562,1311,216,584,286,380,143,561,719,327,103,305,525,1626
1628365,177,146,4776.0,897,1885,75,269,291,389,145,471,911,222,49,369,365,2160
1628366,252,239,8187.0,1117,2790,595,1633,166,287,262,1185,1563,391,162,637,547,2995
1628368,322,320,10734.0,2623,5450,436,1353,1448,1964,176,1064,2132,445,145,908,863,7130
1628369,359,359,12473.0,3058,6703,962,2602,1675,1972,347,2320,1320,405,245,878,760,8753
1628370,323,38,7162.0,1360,3095,568,1586,508,598,126,728,834,191,88,486,490,3796
1628371,147,106,3635.0,495,1141,140,421,194,246,188,597,152,159,210,155,279,1324
1628372,137,37,2869.0,381,931,68,254,158,222,71,294,547,166,65,185,248,988
1628373,238,56,3706.0,392,1049,155,478,128,165,60,320,439,145,48,198,417,1067
1628374,280,254,8641.0,1727,3755,684,1836,859,998,358,1608,398,192,139,399,560,4997
1628378,334,334,11431.0,3037,6741,1016,2742,1450,1715,280,1146,1552,426,99,929,829,8540
1628379,251,58,5781.0,860,1817,556,1185,169,186,65,641,432,129,25,200,356,2445
1628380,245,42,4634.0,696,1460,151,441,287,383,341,828,380,97,174,323,609,1830
1628381,290,287,8832.0,1945,3558,331,929,770,967,623,1739,442,162,297,418,914,4991
1628384,294,232,8965.0,1448,3071,517,1375,417,551,361,1033,505,407,174,421,752,3830
1628385,142,17,1835.0,356,696,8,31,112,167,140,403,174,61,53,137,323,832
1628386,250,214,7758.0,1368,2135,14,58,735,1034,805,1725,417,162,339,387,442,3485
1628389,349,295,10896.0,2184,3919,8,55,1293,1704,804,2353,1328,396,329,829,909,5669
1628392,242,12,3962.0,592,1035,26,79,231,345,456,774,372,141,219,238,588,1441
1628398,329,239,10237.0,2057,4590,639,1930,698,958,345,1751,857,182,179,696,690,5451
1628401,268,206,7781.0,1210,2811,463,1372,671,776,141,781,1180,208,228,378,612,3554
1628404,206,157,6699.0,837,1609,195,541,424,563,346,1228,804,237,55,348,540,2293
1628415,263,244,7538.0,1535,3738,479,1411,555,688,204,612,600,252,81,416,910,4104
1628418,155,71,2873.0,596,977,73,181,237,316,216,631,100,42,89,106,278,1502
1628420,339,166,8738.0,1413,2943,412,1051,335,404,123,740,1361,261,61,277,390,3573
1628427,130,11,1391.0,170,355,60,166,61,72,48,171,114,36,20,63,127,461
1628436,99,0,1010.0,139,224,3,23,40,51,112,143,71,17,52,25,99,321
1628449,306,23,5648.0,992,2041,270,808,534,685,576,1076,145,159,335,164,628,2788
1628464,108,56,2172.0,344,670,70,236,108,168,132,368,100,44,74,98,236,866
1628467,291,105,7113.0,746,1698,405,1116,244,307,349,1113,346,127,284,216,646,2141
1628470,253,92,5341.0,646,1428,262,743,111,151,330,759,315,151,141,212,505,1665
1628960,264,171,6171.0,857,1969,501,1269,341,396,123,604,448,170,48,229,384,2556
1628963,181,117,4394.0,899,1764,102,368,292,444,410,853,151,84,87,183,367,2192
1628964,215,88,4086.0,672,1400,241,647,184,263,340,947,212,78,262,173,479,1769
1628966,200,56,3399.0,502,1029,112,317,233,307,161,494,186,103,63,125,178,1349
1628969,320,320,11128.0,2007,4061,587,1511,873,994,308,1076,883,354,221,379,584,5474
1628970,291,188,8461.0,1465,3100,434,1255,529,654,326,1315,656,213,216,401,579,3893
1628971,349,212,8587.0,1172,2431,203,596,432,577,383,1098,841,325,196,379,851,2979
1628972,210,52,3962.0,432,1011,198,554,84,107,141,580,219,115,33,117,280,1146
1628973,345,195,9213.0,1866,3783,415,1075,772,951,157,927,1455,221,27,500,613,4919
1628975,273,46,4339.0,529,1294,330,828,65,81,79,435,460,143,66,162,348,1453
1628976,227,203,6292.0,1141,2211,180,541,549,760,523,1508,511,136,160,379,620,3011
1628978,222,104,5720.0,724,1815,429,1160,249,308,241,804,691,265,41,347,383,2126
1628981,108,8,962.0,154,279,1,10,85,124,126,203,69,13,79,64,172,394
1628983,311,302,10140.0,2287,4729,356,1025,1626,1925,219,1198,1411,385,226,727,696,6556
1628984,277,123,6497.0,870,2346,609,1716,447,560,97,472,1003,209,50,295,330,2796
1628988,255,44,4063.0,564,1332,181,476,213,251,88,319,518,167,43,236,357,1522
1628989,349,291,10326.0,1608,3624,768,1994,281,367,207,1002,1092,333,120,463,825,4265
1628991,267,258,7309.0,1550,3325,441,1253,850,1076,372,1104,300,242,558,449,993,4391
1628995,156,10,2127.0,335,749,145,426,108,142,82,316,76,52,26,107,209,923
1628997,202,65,4585.0,595,1298,199,553,220,291,199,554,271,178,80,178,343,1609
1628998,178,24,3752.0,390,854,98,308,146,222,180,448,371,168,54,147,259,1024
1629001,312,113,7003.0,991,2396,452,1221,314,407,231,924,857,435,154,439,626,2748
1629002,209,26,2706.0,466,947,79,265,179,237,133,581,151,96,79,147,254,1190
1629003,254,45,5280.0,882,1937,242,663,362,437,126,478,694,120,63,294,473,2368
1629004,156,26,2286.0,329,803,182,503,108,145,61,211,208,83,18,119,133,948
1629006,316,149,6368.0,672,1678,210,721,527,704,329,634,383,292,133,279,595,2081
1629008,187,133,4878.0,1073,2120,430,1031,267,335,230,874,198,114,110,206,361,2843
1629011,289,175,7062.0,1019,1431,0,0,338,639,1038,1237,181,253,567,199,852,2376
1629012,266,223,8324.0,1862,4016,373,982,944,1143,226,542,858,208,29,626,622,5041
1629013,277,69,6207.0,801,1979,537,1407,288,340,58,425,458,129,42,193,494,2427
1629014,273,97,6546.0,1230,2842,596,1541,394,460,86,531,673,117,38,358,492,3450
1629018,252,189,8170.0,1495,3591,705,1853,512,621,110,558,407,338,53,214,430,4207
1629020,294,227,6779.0,849,1499,61,199,335,511,673,1483,538,329,134,320,684,2094
1629021,165,45,2791.0,499,1021,148,455,328,398,138,499,221,83,44,167,367,1474
1629022,264,88,5537.0,971,2303,348,998,316,395,69,532,394,142,68,230,355,2606
1629023,260,219,7861.0,1254,2785,457,1249,381,536,306,1123,606,243,263,413,674,3346
1629026,253,70,5615.0,702,1500,220,625,105,202,362,797,505,216,81,212,519,1729
1629027,353,353,11941.0,2866,6551,884,2517,2374,2711,240,1062,3285,342,51,1461,587,8990
1629028,303,296,9282.0,2213,3709,21,80,599,793,919,2233,495,205,299,520,854,5046
1629029,330,330,11319.0,3094,6644,917,2713,1995,2701,328,2497,2631,368,144,1316,753,9100
1629048,171,21,2204.0,352,696,55,211,155,239,261,340,170,62,154,107,329,914
1629052,172,43,3301.0,417,1012,167,485,276,384,208,509,141,100,63,105,245,1277
1629057,209,97,4284.0,684,935,0,4,166,253,542,905,299,152,348,180,397,1534
1629060,225,88,5673.0,1065,2197,202,580,346,465,180,858,246,105,68,207,317,2678
1629111,123,5,1568.0,279,541,50,173,113,146,182,236,113,26,44,90,179,721
1629130,281,210,7322.0,1034,2413,825,2070,213,246,51,722,409,139,53,243,663,3106
1629139,179,9,2375.0,279,635,128,328,92,134,95,348,122,71,54,68,195,778
1629162,186,7,3109.0,336,765,113,331,94,127,65,248,646,174,24,153,157,879
1629216,195,68,4086.0,538,1350,288,849,132,155,59,273,450,150,19,225,397,1496
1629234,274,93,4829.0,772,1281,19,66,358,491,466,957,315,120,231,274,501,1921
1629312,78,12,1172.0,113,272,47,142,15,35,67,152,51,39,20,49,96,288
1629599,181,41,2746.0,335,768,136,369,183,229,57,253,213,60,22,89,187,989
1629610,78,10,1136.0,121,282,45,153,19,22,41,121,52,34,21,30,116,306
1629611,270,85,5814.0,821,1643,198,517,316,403,247,751,550,137,61,222,499,2156
1629614,75,63,2074.0,284,644,92,263,49,62,35,164,341,70,13,126,179,709
1629622,189,49,4372.0,660,1544,428,1154,137,167,79,423,287,81,30,135,326,1885
1629626,123,35,1833.0,315,591,44,150,102,138,78,390,87,36,103,139,121,776
1629627,114,114,3650.0,1129,1866,23,67,660,955,289,504,409,105,64,325,242,2941
1629628,271,270,9108.0,1756,4157,446,1300,942,1328,244,1225,769,182,68,578,631,4900
1629629,129,47,2993.0,443,1032,156,472,229,262,61,220,162,125,43,151,204,1271
1629630,248,246,7964.0,2023,4285,313,976,1198,1592,248,945,1830,247,69,825,383,5557
1629631,206,200,6399.0,1033,2328,313,880,481,602,133,723,318,134,68,283,595,2860
1629632,269,74,7235.0,1229,2932,560,1527,369,432,89,819,883,170,38,409,555,3387
1629634,237,29,5051.0,1069,1770,49,169,347,492,416,909,334,165,204,177,437,2534
1629636,250,246,8491.0,1706,3803,553,1428,667,766,117,532,1679,282,26,762,465,4632
1629637,241,47,4052.0,680,1093,30,104,418,581,343,620,168,104,167,177,484,1808
1629638,183,27,3234.0,515,1270,227,656,161,229,67,322,372,110,65,203,279,1418
1629639,242,100,7629.0,1565,3561,601,1571,541,618,100,1081,848,164,50,520,343,4272
1629640,224,205,6724.0,1365,2918,366,1009,602,801,239,1005,477,158,51,317,443,3698
1629642,192,34,3276.0,422,936,151,451,166,229,148,465,149,63,83,109,271,1161
1629643,142,47,3400.0,394,1021,193,598,101,126,115,509,256,164,75,112,183,1082
1629645,196,146,5929.0,1068,2480,399,1117,473,652,161,681,987,216,61,564,508,3008
1629646,58,2,676.0,117,182,3,12,31,49,97,158,55,21,50,49,106,268
1629650,112,8,933.0,186,300,0,0,109,216,153,260,9,15,44,50,131,481
1629651,170,96,4026.0,709,1044,2,14,229,424,337,839,231,113,288,161,404,1649
1629652,213,204,6300.0,965,2456,408,1230,525,667,228,598,357,197,64,281,623,2863
1629655,258,122,4630.0,882,1256,0,1,378,556,506,796,210,115,348,232,553,2142
1629656,117,72,2907.0,377,837,229,596,91,117,73,250,194,78,37,97,249,1074
1629659,196,44,4209.0,719,1670,148,529,328,426,105,474,592,171,80,319,393,1914
1629660,157,7,2733.0,408,970,174,494,114,138,43,250,408,88,19,132,227,1104
1629661,210,109,5566.0,928,2038,489,1236,350,413,143,699,341,194,60,161,364,2695
1629667,262,68,5625.0,818,1772,230,677,330,412,208,823,371,220,109,267,606,2196
1629670,216,43,3835.0,636,1487,279,711,191,240,148,591,242,90,53,213,248,1742
1629673,266,115,7003.0,1396,3312,596,1758,807,919,90,605,906,184,63,564,600,4195
1629674,20,0,149.0,23,47,0,0,11,19,19,23,7,1,10,7,25,57
1629675,245,43,4308.0,947,1877,225,654,352,495,291,789,255,135,222,265,610,2471
1629677,43,9,517.0,78,178,23,82,28,46,17,91,36,14,12,32,66,207
1629680,273,114,5383.0,472,1049,196,583,80,117,152,403,244,386,206,119,511,1220
1629684,288,58,6101.0,616,1366,293,774,249,322,258,735,341,141,148,250,702,1774
1629685,84,0,982.0,96,231,48,149,36,45,41,155,68,34,15,49,84,276
1629712,21,2,314.0,27,79,20,54,4,4,11,26,13,6,4,13,31,78
1629723,206,30,3542.0,366,757,138,369,81,117,204,610,278,159,59,91,249,951
1629726,237,57,4122.0,427,1100,341,944,323,381,70,353,142,134,41,89,398,1518
1629731,170,60,3155.0,315,718,176,486,65,93,92,442,165,94,53,66,263,871
1629752,54,0,343.0,33,62,9,25,6,11,23,42,17,5,3,10,46,81
1630162,223,206,7621.0,1761,3997,599,1700,750,974,168,969,836,312,140,609,479,4871
1630163,162,142,5159.0,1127,2647,456,1209,439,530,213,821,1188,246,59,519,491,3149
1630164,129,71,2570.0,569,1046,20,78,190,280,201,559,86,25,90,162,337,1348
1630165,168,114,4471.0,554,1475,144,525,163,203,70,430,885,209,73,367,459,1415
1630166,212,80,5261.0,633,1470,204,659,254,346,148,1026,441,156,88,243,539,1724
1630167,201,15,2964.0,542,1101,163,501,151,197,124,469,172,65,60,117,225,1398
1630168,178,28,3442.0,569,872,4,16,269,363,394,628,152,110,200,154,500,1411
1630169,268,230,9018.0,1564,3278,604,1476,543,637,194,806,2150,436,151,631,394,4275
1630170,171,71,4171.0,710,1662,292,796,204,250,76,552,328,162,76,137,288,1916
1630171,210,174,5807.0,617,1344,179,542,311,415,192,402,336,174,76,186,507,1724
1630172,170,145,4728.0,623,1307,184,444,211,271,161,562,214,145,125,215,301,1641
1630173,189,44,3603.0,585,1235,85,265,221,365,319,690,161,88,99,186,344,1476
1630174,171,64,3059.0,402,950,186,537,162,196,105,388,143,90,48,129,392,1152
1630175,172,103,4884.0,853,2074,265,769,477,554,117,740,796,113,66,367,427,2448
1630178,196,123,5602.0,1120,2337,323,781,454,529,60,460,653,130,53,209,367,3017
1630180,306,209,8871.0,1435,3499,688,1906,744,877,346,1137,564,265,56,298,484,4302
1630182,166,29,3023.0,377,731,100,272,112,162,135,286,210,103,22,133,306,966
1630183,212,137,5731.0,789,1637,259,719,190,260,220,612,298,161,190,234,668,2027
1630184,103,0,1480.0,229,571,68,212,72,85,26,117,196,59,13,70,129,598
1630188,197,48,3284.0,616,1258,138,452,265,348,338,707,118,52,146,163,361,1635
1630191,189,132,4685.0,671,1340,103,314,248,344,500,973,211,81,198,220,528,1693
1630192,136,7,1823.0,256,486,78,204,93,142,135,215,45,41,40,61,213,683
1630193,223,27,5390.0,932,2240,423,1153,535,623,114,607,681,164,29,257,447,2822
1630194,133,4,1235.0,220,383,3,20,48,73,186,229,55,89,78,67,209,491
1630197,140,65,3024.0,433,1113,153,508,88,127,148,541,292,79,123,236,204,1107
1630198,169,12,2387.0,334,818,245,635,129,155,39,228,143,74,15,69,186,1042
1630200,174,77,3401.0,544,1160,58,214,236,282,93,328,720,139,16,169,189,1382
1630201,144,21,2156.0,286,765,131,391,85,113,35,220,277,79,15,81,178,788
1630202,185,9,2912.0,445,1036,259,647,73,82,90,290,323,76,16,134,202,1222
1630205,290,76,4771.0,632,1350,100,345,223,315,214,624,179,133,87,159,423,1587
1630208,133,14,1648.0,261,412,1,2,174,237,185,328,53,20,92,86,212,697
1630209,65,12,789.0,146,274,4,18,43,67,93,224,51,19,22,45,100,339
1630214,173,43,2966.0,453,821,36,129,129,213,261,463,233,151,77,123,276,1071
1630217,202,151,5626.0,1192,2539,511,1201,361,409,120,715,580,189,67,296,471,3256
1630219,67,11,678.0,110,230,34,91,42,47,17,62,97,27,3,29,35,296
1630224,143,143,4740.0,972,2313,344,1012,552,699,76,434,457,103,36,335,234,2840
1630225,18,1,135.0,10,45,5,26,4,8,5,19,8,5,2,6,8,29
1630228,137,28,2579.0,497,957,104,295,220,328,124,341,189,72,53,169,303,1318
1630230,164,35,3228.0,438,1049,116,406,265,343,101,468,339,113,32,181,240,1257
1630231,206,59,5016.0,851,1561,163,480,289,429,279,712,272,105,111,189,349,2154
1630238,33,0,137.0,17,41,11,22,0,0,4,33,10,0,0,4,11,45
1630241,41,2,350.0,49,118,33,88,8,10,7,39,30,12,1,12,23,139
1630245,157,91,4208.0,559,1105,129,375,119,160,72,362,462,122,55,207,364,1366
1630256,179,142,4776.0,789,1583,136,443,282,400,308,604,484,178,84,284,614,1996
1630264,129,12,1306.0,163,301,25,79,104,135,86,149,72,22,27,41,155,455
1630526,92,56,1901.0,244,572,95,276,75,96,146,308,92,53,26,58,146,658
1630527,73,1,1008.0,176,447,46,140,88,110,24,117,71,35,13,43,64,486
1630528,138,4,2120.0,377,829,77,278,128,173,72,185,223,98,28,174,156,959
1630529,144,135,4286.0,509,1077,113,336,260,324,195,370,329,233,102,188,446,1391
1630530,141,66,3312.0,496,1077,273,683,217,241,106,322,150,112,50,77,215,1482
1630531,18,2,95.0,18,36,2,5,6,8,7,9,8,7,5,4,15,44
1630532,159,159,5038.0,998,2093,226,631,460,541,154,531,514,145,51,286,347,2682
1630533,99,35,1907.0,275,620,101,339,60,77,42,166,100,49,18,78,171,711
1630534,59,22,1209.0,165,386,81,228,56,69,43,78,67,16,15,41,99,467
1630537,101,51,2438.0,391,954,149,429,151,184,60,281,178,81,19,131,160,1082
1630538,181,6,3481.0,686,1713,365,988,279,329,54,404,535,119,50,250,345,2016
1630539,67,0,613.0,76,134,5,21,22,34,40,94,19,18,32,37,73,179
1630540,104,4,1132.0,109,323,57,202,36,54,17,75,113,51,9,30,105,311
1630541,115,14,1424.0,188,410,89,245,65,89,45,140,74,25,17,47,97,530
1630543,99,27,1583.0,295,524,7,30,155,234,173,258,61,56,145,91,246,752
1630544,127,31,2550.0,428,1089,179,529,107,137,52,274,211,87,23,133,201,1142
1630547,65,0,819.0,118,334,50,158,47,61,30,94,67,21,6,47,78,333
1630549,80,11,944.0,179,320,8,18,59,96,180,180,54,25,47,72,149,425
1630550,102,8,1231.0,119,293,46,150,45,67,47,148,55,30,34,54,92,329
1630552,92,6,1162.0,180,363,33,117,54,85,53,255,86,41,36,50,122,447
1630553,114,24,1809.0,259,722,96,281,109,143,59,147,211,75,30,135,181,723
1630556,120,31,1759.0,182,453,82,246,38,49,90,204,77,57,36,68,165,484
1630557,151,81,3894.0,525,1099,275,704,129,150,86,330,172,67,31,105,190,1454
1630558,155,28,3523.0,533,1242,164,517,81,116,49,222,498,99,39,176,253,1311
1630559,125,41,3261.0,405,808,139,383,328,383,78,308,325,62,39,139,195,1277
1630560,124,6,2124.0,419,959,98,307,238,279,24,232,156,53,15,118,121,1174
1630563,108,32,2116.0,220,592,90,298,102,136,68,184,198,42,50,136,174,632
1630567,151,150,5295.0,922,1948,121,417,348,461,374,695,627,163,116,290,362,2313
1630570,110,22,2051.0,323,590,34,102,143,194,99,338,211,57,40,115,234,823
1630572,127,17,1727.0,251,575,82,250,96,136,175,277,146,37,33,85,132,680
1630573,106,8,1448.0,203,446,159,379,12,17,40,193,81,30,23,32,106,577
1630577,34,6,640.0,118,260,66,164,28,34,20,100,20,12,10,22,52,330
1630578,147,85,3660.0,691,1324,48,174,371,520,380,691,476,129,138,338,472,1801
1630579,93,21,1367.0,122,161,0,1,24,45,160,251,46,26,50,47,162,268
1630581,130,130,4067.0,820,1788,132,447,162,224,246,774,814,108,51,382,231,1934
1630583,109,20,2042.0,300,657,100,314,128,176,118,340,118,51,58,76,179,828
1630586,99,3,1209.0,105,221,29,79,34,54,141,249,81,54,40,53,163,273
1630587,71,27,1582.0,161,378,101,267,44,53,43,157,62,41,35,45,140,467
1630591,101,64,2553.0,384,992,108,398,212,282,81,251,364,126,46,237,262,1088
1630595,76,76,2488.0,522,1255,131,424,178,211,70,358,428,88,50,273,234,1353
1630596,148,148,5046.0,947,1777,45,194,372,556,330,951,398,116,234,279,365,2311
1630598,120,49,2506.0,342,700,90,260,121,156,119,269,148,69,25,109,203,895
1630625,95,3,975.0,138,332,28,102,43,68,49,120,135,41,23,71,102,347
1630631,115,11,2144.0,332,783,115,357,101,133,53,188,338,138,17,121,198,880
1630678,95,11,1241.0,213,370,22,76,48,73,149,117,61,20,20,41,113,496
1630688,105,2,1274.0,125,331,76,232,33,43,72,121,68,58,28,35,166,359
1630692,64,7,1111.0,158,356,38,119,53,69,57,149,168,58,26,57,96,407
1630696,30,2,317.0,36,90,10,38,6,6,4,44,44,20,8,6,46,88
1630699,52,11,701.0,96,243,47,142,27,37,38,77,35,21,7,45,71,266
1630700,59,11,1042.0,87,208,27,86,26,40,36,152,134,43,11,57,99,227
1630702,48,5,708.0,146,333,63,156,65,79,11,78,65,17,7,46,64,420
1631093,74,73,2304.0,409,983,120,350,266,356,73,215,387,61,17,237,242,1204
1631094,72,72,2430.0,479,1122,85,285,394,534,84,413,269,60,39,200,160,1437
1631095,79,79,2451.0,364,892,120,391,162,206,122,447,101,43,74,104,227,1010
1631097,78,17,2222.0,413,951,100,310,376,454,87,231,116,48,13,152,162,1302
1631098,28,5,423.0,66,171,17,70,14,27,10,55,28,10,8,17,48,163
1631099,80,78,2382.0,354,782,206,501,62,81,89,282,98,61,42,60,162,976
1631100,72,12,1401.0,248,533,101,259,42,47,37,116,73,42,12,42,87,639
1631101,80,15,1779.0,306,648,102,283,75,105,63,173,94,38,24,83,136,789
1631102,31,2,433.0,58,160,19,80,10,18,2,43,47,15,2,14,29,145
1631103,66,32,1550.0,269,611,77,255,58,70,28,153,127,33,7,76,115,673
1631104,37,1,669.0,69,215,20,52,26,44,12,70,98,25,5,65,67,184
1631105,67,31,1670.0,258,398,0,2,96,157,229,366,75,44,59,92,182,612
1631106,82,5,1767.0,296,660,59,172,109,145,195,301,88,96,47,101,189,760
1631107,15,8,204.0,28,69,8,35,18,19,9,22,10,7,2,10,19,82
1631108,41,3,512.0,44,106,26,62,14,16,7,68,21,9,7,13,33,128
1631109,43,17,828.0,160,251,0,0,67,97,93,211,18,28,45,40,94,387
1631110,56,53,1458.0,250,552,33,134,81,116,95,200,142,43,23,97,138,614
1631111,29,2,153.0,18,43,2,17,4,5,4,14,18,8,5,8,13,42
1631113,36,0,282.0,35,83,2,15,6,13,9,29,58,12,5,18,15,78
1631114,75,62,2276.0,414,794,73,205,155,191,84,253,248,103,35,123,191,1056
1631115,31,1,425.0,47,89,0,6,22,31,48,78,25,12,12,16,53,116
1631116,31,0,226.0,43,109,32,84,4,6,1,39,11,6,4,11,14,122
1631117,74,40,1703.0,298,414,1,3,82,159,231,389,69,26,173,58,169,679
1631119,49,36,914.0,102,234,46,113,38,54,44,197,76,28,12,37,111,288
1631121,46,7,787.0,80,202,26,80,60,80,20,73,54,15,6,43,48,246
1631128,76,6,1181.0,143,289,34,96,40,64,48,133,59,41,17,35,101,360
1631132,58,19,802.0,72,150,1,12,37,59,84,87,31,21,57,20,128,182
1631133,56,0,619.0,83,198,16,56,34,45,48,83,34,10,13,29,69,216
1631157,12,0,62.0,7,20,3,9,6,6,3,9,6,1,1,16,10,23
1631169,15,0,96.0,18,36,2,6,8,8,5,20,5,4,6,3,10,46
1631172,39,1,569.0,76,181,26,98,15,23,19,86,46,14,7,26,42,193
1631207,38,0,214.0,32,72,7,27,14,21,12,25,22,11,5,8,24,85
1631212,23,2,186.0,29,59,6,14,11,20,8,29,11,2,11,8,14,75
1631216,51,4,812.0,66,182,46,136,15,18,34,65,30,12,7,18,63,193
1631222,35,0,414.0,37,95,24,71,7,9,19,44,21,12,4,18,49,105
1631223,70,4,1259.0,180,420,65,212,41,65,50,143,59,29,19,57,107,466
1631254,24,1,176.0,49,93,6,17,16,27,19,32,20,5,2,12,28,120
1631260,35,1,345.0,53,125,44,105,4,4,6,39,22,6,0,9,31,154
1631298,17,0,66.0,8,19,3,9,2,3,6,11,4,3,2,2,9,21
1631323,52,6,766.0,115,312,63,191,35,44,31,55,42,15,8,39,62,328
1641645,10,1,126.0,17,28,0,1,4,10,16,22,6,6,4,8,13,38
