original_name,G,GS,MP,FG,FGA,2P,2PA,3P,3PA,FT,FTA,ORB,DRB,TRB,AST,STL,BLK,TOV,PF,PTS,Number of College Seasons,Number of College Teams,Current_Contract,TEAM_CITY,TEAM_NAME,TEAM_ABBREVIATION,ORGANIZATION,SEASON,ROUND_NUMBER,ROUND_PICK,OVERALL_PICK
aaron-gordon,38,38.0,1187.0,189,382,173.0,337.0,16.0,45.0,76,180,102.0,201.0,303,75,34.0,39.0,55.0,90.0,470,1,1,22266182.0,Orlando,Magic,ORL,Arizona,2014,1.0,4.0,4.0
aaron-holiday,101,65.0,3209.0,476,1058,296.0,631.0,180.0,427.0,311,391,48.0,272.0,320,477,126.0,22.0,304.0,271.0,1443,3,1,2019706.0,Indiana,Pacers,IND,California-Los Angeles,2018,1.0,23.0,23.0
aaron-nesmith,46,33.0,1428.0,219,496,100.0,206.0,119.0,290.0,118,143,45.0,200.0,245,58,43.0,30.0,75.0,137.0,675,2,1,5634257.0,Boston,Celtics,BOS,Vanderbilt,2020,1.0,14.0,14.0
aaron-wiggins,96,50.0,2707.0,375,922,203.0,445.0,172.0,477.0,130,169,104.0,341.0,445,150,87.0,36.0,138.0,169.0,1052,3,1,1836096.0,Oklahoma City,Thunder,OKC,Maryland,2021,2.0,25.0,55.0
aj-griffin,39,25.0,935.0,146,296,75.0,137.0,71.0,159.0,42,53,30.0,123.0,153,38,20.0,22.0,25.0,42.0,405,1,1,3712920.0,Atlanta,Hawks,ATL,Duke,2022,1.0,16.0,16.0
al-horford,109,98.0,2798.0,424,724,424.0,720.0,0.0,4.0,275,444,254.0,610.0,864,187,94.0,189.0,173.0,270.0,1123,3,1,10000000.0,Atlanta,Hawks,ATL,Florida,2007,1.0,3.0,3.0
alec-burks,68,67.0,2100.0,423,855,376.0,705.0,47.0,150.0,398,495,149.0,248.0,397,165,76.0,24.0,157.0,163.0,1291,2,1,10489600.0,Utah,Jazz,UTA,Colorado,2011,1.0,12.0,12.0
alex-len,60,48.0,1470.0,225,418,224.0,409.0,1.0,9.0,132,199,145.0,272.0,417,50,12.0,125.0,93.0,155.0,583,2,1,2019706.0,Phoenix,Suns,PHX,Maryland,2013,1.0,5.0,5.0
andre-drummond,34,30.0,967.0,157,292,157.0,290.0,0.0,2.0,26,88,114.0,143.0,257,15,28.0,92.0,52.0,75.0,340,1,1,3360000.0,Detroit,Pistons,DET,Connecticut,2012,1.0,9.0,9.0
andre-jackson jr.,85,65.0,2267.0,186,435,137.0,268.0,49.0,167.0,85,121,121.0,373.0,494,296,84.0,42.0,156.0,227.0,506,3,1,1119563.0,Orlando,Magic,ORL,Connecticut,2023,2.0,6.0,36.0
andrew-nembhard,262,230.0,8398.0,970,2176,670.0,1302.0,300.0,874.0,376,476,58.0,700.0,758,1382,324.0,22.0,512.0,462.0,2616,4,2,2131905.0,Indiana,Pacers,IND,Gonzaga,2022,2.0,1.0,31.0
andrew-nicholson,123,118.0,3672.0,809,1407,780.0,1330.0,29.0,77.0,456,633,271.0,616.0,887,87,61.0,244.0,296.0,371.0,2103,4,1,2844430.0,Orlando,Magic,ORL,St. Bonaventure,2012,1.0,19.0,19.0
andrew-wiggins,35,35.0,1148.0,189,422,146.0,296.0,43.0,126.0,176,227,76.0,129.0,205,54,41.0,34.0,80.0,94.0,597,1,1,24330357.0,Cleveland,Cavaliers,CLE,Kansas,2014,1.0,1.0,1.0
anthony-black,36,36.0,1255.0,149,329,121.0,236.0,28.0,93.0,134,190,45.0,137.0,182,141,74.0,22.0,109.0,93.0,460,1,1,7245480.0,Orlando,Magic,ORL,Arkansas,2023,1.0,6.0,6.0
anthony-davis,124,115.0,3733.0,603,1435,464.0,988.0,139.0,447.0,300,412,177.0,366.0,543,285,193.0,42.0,248.0,273.0,1645,4,1,40600080.0,New Orleans,Hornets,NOH,Kentucky,2012,1.0,1.0,1.0
anthony-edwards,103,14.0,1446.0,98,279,78.0,209.0,20.0,70.0,56,86,9.0,14.0,137,121,66.0,2.0,80.0,76.0,272,4,1,13534817.0,Minnesota,Timberwolves,MIN,Georgia,2020,1.0,1.0,1.0
ayo-dosunmu,90,90.0,2990.0,569,1210,458.0,888.0,111.0,322.0,255,340,72.0,363.0,435,351,97.0,20.0,246.0,172.0,1504,3,1,6481482.0,Chicago,Bulls,CHI,Illinois,2021,2.0,8.0,38.0
ben-sheppard,124,91.0,3230.0,546,1149,344.0,603.0,202.0,546.0,222,319,88.0,397.0,485,225,126.0,18.0,177.0,245.0,1516,4,1,2537160.0,Indiana,Pacers,IND,Belmont,2023,1.0,26.0,26.0
ben-simmons,33,32.0,1151.0,216,386,215.0,383.0,1.0,3.0,199,297,103.0,285.0,388,158,65.0,27.0,111.0,92.0,632,1,1,37893408.0,Philadelphia,76ers,PHI,Louisiana State,2016,1.0,1.0,1.0
bennedict-mathurin,63,49.0,1851.0,306,671,185.0,355.0,121.0,316.0,202,256,83.0,249.0,332,124,54.0,12.0,96.0,111.0,935,2,1,6916080.0,Indiana,Pacers,IND,Arizona,2022,1.0,6.0,6.0
blake-wesley,35,28.0,1027.0,178,441,124.0,263.0,54.0,178.0,94,143,24.0,105.0,129,84,44.0,2.0,77.0,67.0,504,1,1,2504640.0,San Antonio,Spurs,SAS,Notre Dame,2022,1.0,25.0,25.0
bobby-portis,70,70.0,1994.0,411,782,388.0,719.0,23.0,63.0,202,274,219.0,332.0,551,92,74.0,104.0,97.0,137.0,1047,2,1,11710818.0,Chicago,Bulls,CHI,Arkansas,2015,1.0,22.0,22.0
bol-bol,9,9.0,268.0,74,132,61.0,107.0,13.0,25.0,28,37,19.0,67.0,86,9,7.0,24.0,18.0,15.0,189,1,1,2019706.0,Miami,Heat,MIA,Oregon,2019,2.0,14.0,44.0
bradley-beal,37,37.0,1267.0,175,393,112.0,207.0,63.0,186.0,133,173,50.0,199.0,249,83,51.0,31.0,79.0,76.0,546,1,1,46741590.0,Washington,Wizards,WAS,Florida,2012,1.0,3.0,3.0
brandin-podziemski,96,64.0,2442.0,460,958,292.0,562.0,168.0,396.0,228,296,118.0,472.0,590,244,116.0,30.0,154.0,136.0,1316,2,2,3352440.0,Golden State,Warriors,GSW,Santa Clara,2023,1.0,19.0,19.0
brandon-boston jr.,25,24.0,759.0,103,290,73.0,190.0,30.0,100.0,51,65,33.0,79.0,112,40,33.0,4.0,36.0,49.0,287,1,1,1836096.0,Memphis,Grizzlies,MEM,Kentucky,2021,2.0,21.0,51.0
brandon-clarke,196,138.0,5450.0,1170,1832,1158.0,1784.0,12.0,48.0,486,786,536.0,968.0,1504,370,200.0,464.0,288.0,422.0,2838,3,2,12500000.0,Oklahoma City,Thunder,OKC,Gonzaga,2019,1.0,21.0,21.0
brandon-ingram,36,34.0,1246.0,214,484,134.0,289.0,80.0,195.0,116,170,67.0,177.0,244,72,41.0,49.0,72.0,74.0,624,1,1,33833400.0,Los Angeles,Lakers,LAL,Duke,2016,1.0,2.0,2.0
brandon-miller,60,1.0,227.0,11,43,5.0,22.0,6.0,21.0,6,13,29.0,15.0,46,10,10.0,3.0,10.0,19.0,34,4,1,10880400.0,Charlotte,Hornets,CHA,Alabama,2023,1.0,2.0,2.0
brice-sensabaugh,33,21.0,809.0,197,410,137.0,262.0,60.0,148.0,83,100,42.0,135.0,177,38,18.0,13.0,67.0,82.0,537,1,1,2448600.0,Utah,Jazz,UTA,Ohio State,2023,1.0,28.0,28.0
brook-lopez,53,43.0,1485.0,324,675,321.0,654.0,3.0,21.0,198,259,122.0,255.0,377,57,27.0,101.0,112.0,137.0,849,2,1,25000000.0,New Jersey,Nets,NJN,Stanford,2008,1.0,10.0,10.0
bruce-brown,114,75.0,2322.0,427,709,427.0,709.0,0.0,0.0,170,362,201.0,366.0,567,44,20.0,139.0,206.0,264.0,1024,4,1,22000000.0,Detroit,Pistons,DET,Miami (FL),2018,2.0,12.0,42.0
bruno-fernando,64,53.0,1692.0,291,489,287.0,476.0,4.0,13.0,184,241,145.0,413.0,558,89,33.0,101.0,148.0,179.0,770,2,1,2581522.0,Philadelphia,76ers,PHI,Maryland,2019,2.0,4.0,34.0
bryce-mcgowens,31,31.0,1032.0,160,397,120.0,251.0,40.0,146.0,162,195,22.0,139.0,161,43,22.0,10.0,65.0,62.0,522,1,1,1719864.0,Minnesota,Timberwolves,MIN,Nebraska,2022,2.0,10.0,40.0
buddy-hield,132,118.0,4182.0,783,1748,434.0,854.0,349.0,894.0,376,450,209.0,452.0,661,254,168.0,38.0,285.0,259.0,2291,4,1,19279841.0,New Orleans,Pelicans,NOP,Oklahoma,2016,1.0,6.0,6.0
cade-cunningham,27,26.0,956.0,175,400,113.0,245.0,62.0,155.0,132,156,19.0,148.0,167,94,43.0,21.0,109.0,67.0,544,1,1,11055360.0,Detroit,Pistons,DET,Oklahoma State,2021,1.0,1.0,1.0
caleb-houstan,34,34.0,1088.0,109,284,49.0,115.0,60.0,169.0,65,83,27.0,108.0,135,46,25.0,8.0,52.0,57.0,343,1,1,2000000.0,Orlando,Magic,ORL,Michigan,2022,2.0,2.0,32.0
cam-reddish,36,35.0,1069.0,154,432,65.0,165.0,89.0,267.0,88,114,20.0,113.0,133,70,56.0,21.0,96.0,86.0,485,1,1,2165000.0,Atlanta,Hawks,ATL,Duke,2019,1.0,10.0,10.0
cam-whitmore,26,20.0,709.0,122,255,85.0,147.0,37.0,108.0,45,64,21.0,117.0,138,19,37.0,9.0,42.0,44.0,326,1,1,3218160.0,Houston,Rockets,HOU,Villanova,2023,1.0,20.0,20.0
cameron-johnson,118,79.0,2348.0,440,948,439.0,945.0,1.0,3.0,311,509,245.0,393.0,638,82,106.0,55.0,238.0,375.0,1192,4,1,25679348.0,Minnesota,Timberwolves,MIN,North Carolina,2019,1.0,11.0,11.0
cameron-payne,69,69.0,2238.0,435,1007,279.0,573.0,156.0,434.0,253,324,31.0,221.0,252,394,125.0,37.0,197.0,168.0,1279,2,1,8519706.0,Oklahoma City,Thunder,OKC,Murray State,2015,1.0,14.0,14.0
cam-thomas,29,29.0,986.0,203,500,135.0,291.0,68.0,209.0,194,220,18.0,80.0,98,42,25.0,6.0,49.0,40.0,668,1,1,2240160.0,Brooklyn,Nets,BKN,Louisiana State,2021,1.0,27.0,27.0
caris-levert,103,70.0,2721.0,366,843,232.0,509.0,134.0,334.0,204,265,39.0,325.0,364,275,97.0,22.0,136.0,151.0,1070,4,1,15384616.0,Indiana,Pacers,IND,Michigan,2016,1.0,20.0,20.0
cason-wallace,32,32.0,1030.0,139,312,95.0,185.0,44.0,127.0,53,70,30.0,89.0,119,136,63.0,15.0,67.0,78.0,375,1,1,5291400.0,Dallas,Mavericks,DAL,Kentucky,2023,1.0,10.0,10.0
charles-bassey,72,72.0,2199.0,439,736,410.0,645.0,29.0,91.0,235,306,219.0,538.0,757,56,46.0,184.0,182.0,182.0,1142,3,1,2600000.0,Philadelphia,76ers,PHI,Western Kentucky,2021,2.0,23.0,53.0
chet-holmgren,32,31.0,861.0,170,280,129.0,175.0,41.0,105.0,71,99,57.0,260.0,317,61,26.0,117.0,61.0,85.0,452,1,1,10386000.0,Oklahoma City,Thunder,OKC,Gonzaga,2022,1.0,2.0,2.0
chimezie-metu,104,71.0,2809.0,495,928,482.0,885.0,13.0,43.0,281,406,191.0,465.0,656,121,74.0,168.0,180.0,261.0,1284,3,1,2019706.0,Milwaukee,Bucks,MIL,Southern California,2018,2.0,19.0,49.0
chris-duarte,54,54.0,1730.0,286,605,178.0,321.0,108.0,284.0,126,157,61.0,216.0,277,115,96.0,36.0,102.0,82.0,806,2,1,4124400.0,Indiana,Pacers,IND,Oregon,2021,1.0,13.0,13.0
chris-livingston,34,26.0,762.0,79,184,61.0,125.0,18.0,59.0,39,54,38.0,104.0,142,24,15.0,12.0,31.0,57.0,215,1,1,1119563.0,Milwaukee,Bucks,MIL,Kentucky,2023,2.0,28.0,58.0
chris-paul,63,62.0,2110.0,278,589,192.0,406.0,86.0,183.0,306,365,43.0,202.0,245,395,160.0,13.0,171.0,163.0,948,2,1,30800000.0,New Orleans/Oklahoma City,Hornets,NOK,Wake Forest,2005,1.0,4.0,4.0
christian-braun,101,74.0,2877.0,355,790,220.0,433.0,135.0,357.0,173,231,112.0,394.0,506,183,97.0,53.0,133.0,164.0,1018,3,1,2949120.0,Denver,Nuggets,DEN,Kansas,2022,1.0,21.0,21.0
christian-koloko,91,56.0,1625.0,262,444,262.0,439.0,0.0,5.0,142,212,180.0,282.0,462,64,49.0,162.0,81.0,210.0,666,3,1,1719864.0,Toronto,Raptors,TOR,Arizona,2022,2.0,3.0,33.0
chuma-okeke,72,38.0,1839.0,260,540,171.0,311.0,89.0,229.0,102,145,175.0,282.0,457,111,92.0,71.0,93.0,137.0,711,2,1,5266713.0,Orlando,Magic,ORL,Auburn,2019,1.0,16.0,16.0
cj-mccollum,111,108.0,3657.0,767,1746,550.0,1170.0,217.0,576.0,610,739,167.0,529.0,696,304,228.0,51.0,267.0,195.0,2361,4,1,35802469.0,Portland,Trail Blazers,POR,Lehigh,2013,1.0,10.0,10.0
coby-white,35,35.0,999.0,188,444,106.0,212.0,82.0,232.0,104,130,12.0,112.0,124,143,38.0,11.0,93.0,68.0,562,1,1,11111111.0,Chicago,Bulls,CHI,North Carolina,2019,1.0,7.0,7.0
cody-martin,244,174.0,7052.0,900,1798,796.0,1478.0,104.0,320.0,452,656,342.0,776.0,1118,868,310.0,192.0,402.0,556.0,2356,4,2,7560000.0,Charlotte,Hornets,CHA,North Carolina State,2019,2.0,6.0,36.0
cody-zeller,72,72.0,2087.0,399,674,399.0,672.0,0.0,2.0,359,475,188.0,337.0,525,92,86.0,87.0,141.0,177.0,1157,2,1,2019706.0,Charlotte,Bobcats,CHA,Indiana,2013,1.0,4.0,4.0
colby-jones,86,82.0,2811.0,389,787,314.0,569.0,75.0,218.0,209,308,152.0,382.0,534,313,120.0,43.0,179.0,190.0,1062,3,1,2019706.0,Charlotte,Hornets,CHA,Xavier,2023,2.0,4.0,34.0
cole-anthony,22,20.0,768.0,131,345,82.0,204.0,49.0,141.0,96,128,10.0,115.0,125,88,29.0,6.0,77.0,64.0,407,1,1,5539771.0,Orlando,Magic,ORL,North Carolina,2020,1.0,15.0,15.0
collin-sexton,33,32.0,987.0,196,438,152.0,307.0,44.0,131.0,196,252,34.0,90.0,124,119,28.0,3.0,92.0,81.0,632,1,1,17325000.0,Cleveland,Cavaliers,CLE,Alabama,2018,1.0,8.0,8.0
corey-kispert,137,108.0,3755.0,555,1149,285.0,487.0,270.0,662.0,206,250,131.0,421.0,552,192,92.0,49.0,142.0,222.0,1586,4,1,3722040.0,Washington,Wizards,WAS,Gonzaga,2021,1.0,15.0,15.0
cory-joseph,36,36.0,1166.0,136,322,84.0,196.0,52.0,126.0,51,73,23.0,105.0,128,109,37.0,11.0,54.0,65.0,375,1,1,2019706.0,San Antonio,Spurs,SAS,Texas,2011,1.0,29.0,29.0
dalano-banton,116,68.0,2410.0,258,632,202.0,396.0,56.0,236.0,154,244,86.0,416.0,502,340,80.0,82.0,238.0,166.0,726,2,2,2019706.0,Toronto,Raptors,TOR,Nebraska,2021,2.0,16.0,46.0
dalen-terry,63,51.0,1568.0,154,323,112.0,203.0,42.0,120.0,66,97,63.0,199.0,262,183,65.0,22.0,82.0,145.0,416,2,1,3350760.0,Chicago,Bulls,CHI,Arizona State,2022,1.0,18.0,18.0
damian-jones,99,95.0,2684.0,508,897,507.0,889.0,1.0,8.0,296,524,207.0,423.0,630,71,37.0,167.0,197.0,301.0,1313,3,1,2586665.0,Golden State,Warriors,GSW,Vanderbilt,2016,1.0,30.0,30.0
damian-lillard,104,98.0,3363.0,584,1310,338.0,680.0,246.0,630.0,520,600,43.0,401.0,444,362,129.0,19.0,246.0,221.0,1934,4,1,45640084.0,Portland,Trail Blazers,POR,Weber State,2012,1.0,6.0,6.0
d'angelo-russell,35,34.0,1188.0,231,515,136.0,284.0,95.0,231.0,118,156,35.0,163.0,198,175,55.0,11.0,102.0,74.0,675,1,1,17307693.0,Los Angeles,Lakers,LAL,Ohio State,2015,1.0,2.0,2.0
daniel-gafford,67,58.0,1709.0,378,595,378.0,595.0,0.0,0.0,199,354,168.0,326.0,494,47,49.0,141.0,113.0,202.0,955,2,1,12402000.0,Chicago,Bulls,CHI,Arkansas,2019,2.0,8.0,38.0
danny-green,145,39.0,2889.0,491,1079,307.0,588.0,184.0,491.0,202,239,204.0,386.0,590,256,160.0,154.0,209.0,277.0,1368,4,1,200000.0,Cleveland,Cavaliers,CLE,North Carolina,2009,2.0,16.0,46.0
dariq-whitehead,28,7.0,577.0,83,197,41.0,99.0,42.0,98.0,23,29,13.0,55.0,68,27,21.0,6.0,39.0,42.0,231,1,1,2966040.0,Brooklyn,Nets,BKN,Duke,2023,1.0,22.0,22.0
darius-garland,5,5.0,139.0,29,54,18.0,31.0,11.0,23.0,12,16,2.0,17.0,19,13,4.0,2.0,15.0,7.0,81,1,1,34005250.0,Cleveland,Cavaliers,CLE,Vanderbilt,2019,1.0,5.0,5.0
david-roddy,91,76.0,2723.0,508,974,427.0,720.0,81.0,254.0,309,418,171.0,505.0,676,219,80.0,77.0,201.0,199.0,1406,3,1,2718240.0,Philadelphia,76ers,PHI,Colorado State,2022,1.0,23.0,23.0
davion-mitchell,188,120.0,5090.0,616,1342,392.0,746.0,224.0,596.0,230,350,66.0,334.0,400,684,238.0,46.0,356.0,452.0,1686,3,2,5063640.0,Sacramento,Kings,SAC,Baylor,2021,1.0,9.0,9.0
day'ron-sharpe,29,4.0,556.0,112,216,112.0,214.0,0.0,2.0,51,101,97.0,122.0,219,42,23.0,26.0,57.0,59.0,275,1,1,2210040.0,Phoenix,Suns,PHX,North Carolina,2021,1.0,29.0,29.0
de'aaron-fox,36,34.0,1064.0,214,447,197.0,378.0,17.0,69.0,156,212,21.0,122.0,143,165,53.0,7.0,87.0,90.0,601,1,1,32600060.0,Sacramento,Kings,SAC,Kentucky,2017,1.0,5.0,5.0
deandre-ayton,35,35.0,1172.0,276,451,264.0,416.0,12.0,35.0,140,191,118.0,287.0,405,57,20.0,66.0,69.0,81.0,704,1,1,32459438.0,Phoenix,Suns,PHX,Arizona,2018,1.0,1.0,1.0
de'andre-hunter,71,38.0,1891.0,309,607,242.0,447.0,67.0,160.0,197,255,90.0,220.0,310,111,41.0,35.0,83.0,136.0,882,2,1,20089286.0,Los Angeles,Lakers,LAL,Virginia,2019,1.0,4.0,4.0
deandre-jordan,35,21.0,703.0,113,183,113.0,183.0,0.0,0.0,52,119,66.0,144.0,210,15,7.0,44.0,57.0,67.0,278,1,1,2019706.0,Los Angeles,Clippers,LAC,Texas A&M,2008,2.0,5.0,35.0
de'anthony-melton,36,25.0,972.0,101,231,80.0,157.0,21.0,74.0,77,109,50.0,120.0,170,125,69.0,37.0,64.0,81.0,300,1,1,8000000.0,Houston,Rockets,HOU,Southern California,2018,2.0,16.0,46.0
dejounte-murray,34,34.0,1139.0,202,486,168.0,368.0,34.0,118.0,110,166,48.0,155.0,203,151,62.0,10.0,110.0,90.0,548,1,1,18214000.0,San Antonio,Spurs,SAS,Washington,2016,1.0,29.0,29.0
delon-wright,68,68.0,2367.0,339,634,301.0,507.0,38.0,127.0,306,376,76.0,321.0,397,352,155.0,77.0,152.0,110.0,1022,2,1,8195122.0,Toronto,Raptors,TOR,Utah,2015,1.0,20.0,20.0
demar-derozan,35,35.0,1168.0,192,367,186.0,331.0,6.0,36.0,95,147,84.0,117.0,201,51,31.0,13.0,73.0,73.0,485,1,1,28600000.0,Toronto,Raptors,TOR,Southern California,2009,1.0,9.0,9.0
demetrius-jackson,57,50.0,1657.0,239,595,144.0,322.0,95.0,273.0,190,227,22.0,136.0,158,186,62.0,3.0,193.0,150.0,763,2,1,92857.0,Boston,Celtics,BOS,Notre Dame,2016,2.0,15.0,45.0
dennis-smith jr.,32,32.0,1114.0,191,420,136.0,267.0,55.0,153.0,143,200,26.0,120.0,146,197,62.0,14.0,108.0,67.0,580,1,1,2019706.0,Dallas,Mavericks,DAL,North Carolina State,2017,1.0,9.0,9.0
dereck-lively ii,34,27.0,700.0,77,117,75.0,104.0,2.0,13.0,21,35,72.0,112.0,184,37,17.0,82.0,23.0,92.0,177,1,1,4775640.0,Oklahoma City,Thunder,OKC,Duke,2023,1.0,12.0,12.0
derrick-rose,40,39.0,1168.0,208,436,173.0,332.0,35.0,104.0,146,205,54.0,127.0,181,189,48.0,15.0,107.0,68.0,597,1,1,3196448.0,Chicago,Bulls,CHI,Memphis,2008,1.0,1.0,1.0
derrick-white,34,32.0,1116.0,205,404,148.0,260.0,57.0,144.0,148,182,35.0,104.0,139,148,42.0,49.0,81.0,72.0,615,1,1,18357143.0,San Antonio,Spurs,SAS,Colorado,2017,1.0,29.0,29.0
desmond-bane,141,114.0,4279.0,659,1331,410.0,756.0,249.0,575.0,217,270,137.0,524.0,661,333,132.0,54.0,220.0,306.0,1784,4,1,3845083.0,Boston,Celtics,BOS,Texas Christian,2020,1.0,30.0,30.0
devin-booker,128,94.0,3089.0,445,897,423.0,817.0,22.0,80.0,242,368,267.0,461.0,728,99,80.0,83.0,199.0,291.0,1154,4,1,36016200.0,Phoenix,Suns,PHX,Kentucky,2015,1.0,13.0,13.0
devin-vassell,63,30.0,1216.0,196,413,126.0,245.0,70.0,168.0,67,93,51.0,152.0,203,70,60.0,39.0,35.0,88.0,529,2,1,5887899.0,San Antonio,Spurs,SAS,Florida State,2020,1.0,11.0,11.0
devonte'-graham,142,111.0,4498.0,546,1295,250.0,572.0,296.0,723.0,362,460,62.0,377.0,439,632,197.0,14.0,270.0,237.0,1750,4,1,12100000.0,Atlanta,Hawks,ATL,Kansas,2018,2.0,4.0,34.0
dillon-brooks,109,98.0,3153.0,587,1243,454.0,876.0,133.0,367.0,305,384,174.0,321.0,495,279,96.0,51.0,234.0,320.0,1612,3,1,22627671.0,Houston,Rockets,HOU,Oregon,2017,2.0,15.0,45.0
domantas-sabonis,74,32.0,1971.0,384,608,379.0,594.0,5.0,14.0,229,314,192.0,502.0,694,97,39.0,43.0,151.0,219.0,1002,2,1,30600000.0,Oklahoma City,Thunder,OKC,Gonzaga,2016,1.0,11.0,11.0
donovan-mitchell,65,38.0,1689.0,265,634,167.0,336.0,98.0,298.0,130,165,71.0,198.0,269,145,95.0,20.0,86.0,166.0,758,2,1,33162030.0,Denver,Nuggets,DEN,Louisville,2017,1.0,13.0,13.0
donte-divincenzo,85,12.0,2163.0,303,646,173.0,302.0,130.0,344.0,134,190,93.0,250.0,343,204,79.0,18.0,137.0,151.0,870,3,1,10900000.0,Milwaukee,Bucks,MIL,Villanova,2018,1.0,17.0,17.0
doug-mcdermott,145,145.0,4569.0,1141,2075,867.0,1477.0,274.0,598.0,594,715,281.0,807.0,1088,194,34.0,14.0,321.0,265.0,3150,4,1,13750000.0,Denver,Nuggets,DEN,Creighton,2014,1.0,11.0,11.0
draymond-green,145,66.0,3619.0,543,1163,452.0,911.0,91.0,252.0,340,495,283.0,813.0,1096,425,180.0,116.0,277.0,396.0,1517,4,1,22321429.0,Golden State,Warriors,GSW,Michigan State,2012,2.0,5.0,35.0
dwight-powell,136,105.0,3569.0,515,1110,482.0,996.0,33.0,114.0,402,557,225.0,628.0,853,240,125.0,118.0,283.0,390.0,1465,4,1,4000000.0,Charlotte,Hornets,CHA,Stanford,2014,2.0,15.0,45.0
dylan-windler,128,97.0,3759.0,593,1096,376.0,562.0,217.0,534.0,284,373,209.0,790.0,999,251,128.0,98.0,210.0,306.0,1687,4,1,2019706.0,Cleveland,Cavaliers,CLE,Belmont,2019,1.0,26.0,26.0
bam-adebayo,38,38.0,1145.0,170,284,170.0,284.0,0.0,0.0,154,236,118.0,186.0,304,32,26.0,57.0,64.0,99.0,494,1,1,32600060.0,Miami,Heat,MIA,Kentucky,2017,1.0,14.0,14.0
e.j.-liddell,92,61.0,2430.0,432,900,354.0,671.0,78.0,229.0,356,475,158.0,406.0,564,146,50.0,143.0,153.0,225.0,1298,3,1,1801769.0,New Orleans,Pelicans,NOP,Ohio State,2022,2.0,11.0,41.0
eric-bledsoe,37,35.0,1122.0,144,312,95.0,184.0,49.0,128.0,82,123,19.0,95.0,114,107,52.0,12.0,112.0,82.0,419,1,1,1300000.0,Oklahoma City,Thunder,OKC,Kentucky,2010,1.0,18.0,18.0
eric-gordon,32,32.0,1110.0,184,425,114.0,217.0,70.0,208.0,231,277,23.0,81.0,104,78,42.0,20.0,115.0,69.0,669,1,1,3196448.0,Los Angeles,Clippers,LAC,Indiana,2008,1.0,7.0,7.0
evan-mobley,33,33.0,1120.0,197,341,185.0,301.0,12.0,40.0,134,193,90.0,196.0,286,79,26.0,95.0,74.0,58.0,540,1,1,8882640.0,Cleveland,Cavaliers,CLE,Southern California,2021,1.0,3.0,3.0
franz-wagner,55,55.0,1718.0,237,510,161.0,276.0,76.0,234.0,111,133,44.0,290.0,334,111,69.0,45.0,76.0,130.0,661,2,1,5508720.0,Orlando,Magic,ORL,Michigan,2021,1.0,8.0,8.0
gary-harris,69,67.0,2141.0,345,784,199.0,396.0,146.0,388.0,189,240,67.0,159.0,226,140,108.0,21.0,111.0,141.0,1025,2,1,13000000.0,Chicago,Bulls,CHI,Michigan State,2014,1.0,19.0,19.0
gary-trent jr.,37,37.0,1253.0,177,427,80.0,186.0,97.0,241.0,85,97,31.0,126.0,157,52,43.0,5.0,38.0,62.0,536,1,1,18560000.0,Sacramento,Kings,SAC,Duke,2018,2.0,7.0,37.0
georges-niang,138,126.0,4110.0,849,1697,661.0,1195.0,188.0,502.0,342,448,162.0,552.0,714,421,92.0,67.0,318.0,422.0,2228,4,1,8800000.0,Indiana,Pacers,IND,Iowa State,2016,2.0,20.0,50.0
gordon-hayward,69,69.0,2284.0,298,634,182.0,320.0,116.0,314.0,280,340,118.0,394.0,512,125,88.0,60.0,138.0,142.0,992,2,1,31500000.0,Utah,Jazz,UTA,Butler,2010,1.0,9.0,9.0
gradey-dick,36,36.0,1177.0,174,394,91.0,188.0,83.0,206.0,76,89,40.0,145.0,185,60,52.0,9.0,45.0,76.0,507,1,1,4536720.0,Toronto,Raptors,TOR,Kansas,2023,1.0,13.0,13.0
grant-williams,104,101.0,3003.0,549,1064,519.0,961.0,30.0,103.0,501,661,257.0,421.0,678,219,89.0,160.0,219.0,331.0,1629,3,1,12405000.0,Boston,Celtics,BOS,Tennessee,2019,1.0,22.0,22.0
grayson-allen,142,97.0,3965.0,606,1409,315.0,643.0,291.0,766.0,493,591,76.0,374.0,450,432,147.0,14.0,240.0,297.0,1996,4,1,8925000.0,Utah,Jazz,UTA,Duke,2018,1.0,21.0,21.0
harrison-barnes,75,73.0,2198.0,438,1018,322.0,686.0,116.0,332.0,234,319,149.0,265.0,414,96,68.0,29.0,146.0,140.0,1226,2,1,17000000.0,Golden State,Warriors,GSW,North Carolina,2012,1.0,7.0,7.0
harry-giles,26,6.0,300.0,45,78,45.0,78.0,0.0,0.0,12,24,41.0,59.0,100,9,9.0,17.0,18.0,58.0,102,1,1,2019706.0,Portland,Trail Blazers,POR,Duke,2017,1.0,20.0,20.0
herbert-jones,60,13.0,820.0,121,237,109.0,197.0,12.0,40.0,50,100,46.0,114.0,160,40,28.0,71.0,69.0,113.0,304,2,1,12015150.0,New Orleans,Pelicans,NOP,Alabama,2021,2.0,5.0,35.0
immanuel-quickley,67,27.0,1672.0,193,479,101.0,247.0,92.0,232.0,197,220,18.0,173.0,191,100,43.0,5.0,81.0,114.0,675,2,1,4171548.0,Oklahoma City,Thunder,OKC,Kentucky,2020,1.0,25.0,25.0
isaac-okoro,28,28.0,881.0,125,243,105.0,173.0,20.0,70.0,90,134,53.0,71.0,124,57,26.0,25.0,55.0,76.0,360,1,1,8920795.0,Cleveland,Cavaliers,CLE,Auburn,2020,1.0,5.0,5.0
isaiah-jackson,23,9.0,308.0,22,62,19.0,49.0,3.0,13.0,24,32,11.0,27.0,38,8,9.0,6.0,29.0,38.0,71,1,1,2696280.0,Los Angeles,Lakers,LAL,Kentucky,2021,1.0,22.0,22.0
isaiah-joe,60,59.0,1963.0,280,718,73.0,170.0,207.0,548.0,143,173,35.0,166.0,201,103,88.0,12.0,87.0,112.0,910,2,1,1997238.0,Philadelphia,76ers,PHI,Arkansas,2020,2.0,19.0,49.0
isaiah-livers,119,69.0,2785.0,346,744,182.0,346.0,164.0,398.0,131,153,104.0,349.0,453,110,58.0,62.0,90.0,190.0,987,4,1,1836096.0,Detroit,Pistons,DET,Michigan,2021,2.0,12.0,42.0
isaiah-stewart,122,60.0,2447.0,248,680,128.0,311.0,120.0,369.0,141,178,19.0,114.0,217,236,77.0,32.0,138.0,220.0,757,4,1,5266713.0,Portland,Trail Blazers,POR,Washington,2020,1.0,16.0,16.0
jabari-smith jr.,61,58.0,1777.0,271,509,246.0,425.0,25.0,84.0,200,313,83.0,156.0,501,126,56.0,65.0,183.0,157.0,767,2,1,9326520.0,Houston,Rockets,HOU,Auburn,2022,1.0,3.0,3.0
jabari-walker,59,33.0,1297.0,230,480,171.0,332.0,59.0,148.0,162,207,102.0,321.0,423,54,36.0,34.0,104.0,138.0,681,2,1,1719864.0,Portland,Trail Blazers,POR,Colorado,2022,2.0,27.0,57.0
jaden-ivey,59,46.0,1689.0,292,664,203.0,388.0,89.0,276.0,207,280,43.0,209.0,252,153,50.0,36.0,125.0,102.0,880,2,1,7614480.0,Detroit,Pistons,DET,Purdue,2022,1.0,5.0,5.0
jaden-mcdaniels,31,21.0,963.0,136,336,93.0,209.0,43.0,127.0,87,114,34.0,146.0,180,65,24.0,43.0,100.0,103.0,402,1,1,3901399.0,Los Angeles,Lakers,LAL,Washington,2020,1.0,28.0,28.0
jaden-springer,25,15.0,648.0,106,227,86.0,181.0,20.0,46.0,81,100,26.0,62.0,88,73,30.0,11.0,60.0,51.0,313,1,1,2226240.0,Philadelphia,76ers,PHI,Tennessee,2021,1.0,28.0,28.0
jae-crowder,72,52.0,2174.0,375,762,272.0,468.0,103.0,294.0,196,287,153.0,392.0,545,131,136.0,67.0,74.0,178.0,1049,2,1,2019706.0,Cleveland,Cavaliers,CLE,Marquette,2012,2.0,4.0,34.0
jaime-jaquez jr.,134,126.0,4211.0,676,1422,560.0,1068.0,116.0,354.0,334,453,265.0,577.0,842,262,178.0,67.0,200.0,271.0,1802,4,1,3510600.0,Miami,Heat,MIA,California-Los Angeles,2023,1.0,18.0,18.0
jake-laravia,176,166.0,5196.0,764,1458,666.0,1194.0,98.0,264.0,520,700,404.0,696.0,1100,454,218.0,176.0,388.0,518.0,2146,3,2,3199920.0,Minnesota,Timberwolves,MIN,Wake Forest,2022,1.0,19.0,19.0
jakob-poeltl,70,70.0,1885.0,356,541,356.0,540.0,0.0,1.0,219,362,194.0,363.0,557,93,33.0,119.0,129.0,165.0,931,2,1,19500000.0,Toronto,Raptors,TOR,Utah,2016,1.0,9.0,9.0
jalen-brunson,116,115.0,3349.0,579,1135,402.0,685.0,177.0,450.0,332,405,47.0,238.0,285,432,97.0,1.0,217.0,209.0,1667,3,1,26346666.0,Dallas,Mavericks,DAL,Villanova,2018,2.0,3.0,33.0
jalen-duren,29,29.0,733.0,141,236,141.0,235.0,0.0,1.0,65,104,86.0,150.0,236,37,24.0,61.0,65.0,79.0,347,1,1,4330680.0,Charlotte,Hornets,CHA,Memphis,2022,1.0,13.0,13.0
jalen-hood-schifino,32,32.0,1058.0,168,403,131.0,292.0,37.0,111.0,59,76,14.0,118.0,132,117,26.0,8.0,89.0,78.0,432,1,1,3695040.0,Los Angeles,Lakers,LAL,Indiana,2023,1.0,17.0,17.0
jalen-johnson,246,74.0,4060.0,460,1110,198.0,404.0,262.0,706.0,202,236,164.0,420.0,584,198,106.0,124.0,168.0,318.0,1384,5,3,2925360.0,Atlanta,Hawks,ATL,Duke,2021,1.0,20.0,20.0
jalen-mcdaniels,67,55.0,1870.0,338,670,310.0,576.0,28.0,94.0,182,240,141.0,388.0,529,101,65.0,35.0,118.0,177.0,886,2,1,4516000.0,Charlotte,Hornets,CHA,San Diego,2019,2.0,22.0,52.0
jalen-pickett,288,284.0,10618.0,1676,3690,1190.0,2320.0,486.0,1370.0,576,776,298.0,1262.0,1560,1682,356.0,230.0,612.0,556.0,4414,5,2,1708143.0,Indiana,Pacers,IND,Penn State,2023,2.0,2.0,32.0
jalen-smith,64,64.0,1850.0,313,607,262.0,449.0,51.0,158.0,188,265,189.0,362.0,551,54,36.0,113.0,94.0,138.0,865,2,1,5043773.0,Phoenix,Suns,PHX,Maryland,2020,1.0,10.0,10.0
jalen-suggs,30,30.0,868.0,155,308,120.0,204.0,35.0,104.0,86,114,18.0,142.0,160,136,57.0,10.0,88.0,78.0,431,1,1,7252080.0,Orlando,Magic,ORL,Gonzaga,2021,1.0,5.0,5.0
jalen-williams,168,4.0,1318.0,124,264,124.0,264.0,0.0,0.0,134,194,198.0,246.0,444,44,24.0,74.0,122.0,234.0,382,4,2,4558680.0,Oklahoma City,Thunder,OKC,Santa Clara,2022,1.0,12.0,12.0
jamal-murray,36,36.0,1267.0,244,538,131.0,261.0,113.0,277.0,119,152,53.0,133.0,186,79,35.0,11.0,84.0,75.0,720,1,1,33833400.0,Denver,Nuggets,DEN,Kentucky,2016,1.0,7.0,7.0
james-bouknight,43,30.0,1200.0,226,496,179.0,349.0,47.0,147.0,146,182,67.0,133.0,200,63,38.0,10.0,92.0,102.0,645,2,1,4570080.0,Charlotte,Hornets,CHA,Connecticut,2021,1.0,11.0,11.0
james-harden,69,68.0,2412.0,417,824,315.0,553.0,102.0,271.0,373,494,92.0,282.0,374,258,132.0,30.0,207.0,171.0,1309,2,1,35640000.0,Oklahoma City,Thunder,OKC,Arizona State,2009,1.0,3.0,3.0
james-wiseman,3,3.0,69.0,20,26,20.0,25.0,0.0,1.0,19,27,13.0,19.0,32,1,1.0,9.0,3.0,5.0,59,1,1,12119440.0,Golden State,Warriors,GSW,Memphis,2020,1.0,2.0,2.0
jarace-walker,36,35.0,992.0,158,340,123.0,239.0,35.0,101.0,53,80,82.0,163.0,245,65,35.0,46.0,53.0,74.0,404,1,1,6059520.0,Washington,Wizards,WAS,Houston,2023,1.0,8.0,8.0
jaren-jackson jr.,35,34.0,764.0,119,232,81.0,136.0,38.0,96.0,106,133,52.0,151.0,203,39,21.0,106.0,62.0,112.0,382,1,1,27102202.0,Memphis,Grizzlies,MEM,Michigan State,2018,1.0,4.0,4.0
jarred-vanderbilt,14,0.0,238.0,29,68,29.0,67.0,0.0,1.0,24,38,46.0,64.0,110,14,6.0,11.0,15.0,37.0,82,1,1,4698000.0,Orlando,Magic,ORL,Kentucky,2018,2.0,11.0,41.0
jarrett-allen,33,33.0,1061.0,179,316,179.0,309.0,0.0,7.0,84,149,100.0,178.0,278,27,19.0,51.0,84.0,68.0,442,1,1,20000000.0,Brooklyn,Nets,BKN,Texas,2017,1.0,22.0,22.0
javale-mcgee,66,31.0,1232.0,234,432,218.0,387.0,16.0,45.0,90,175,114.0,200.0,314,23,32.0,122.0,105.0,135.0,574,2,1,4368030.0,Washington,Wizards,WAS,Nevada-Reno,2008,1.0,18.0,18.0
jaxson-hayes,32,21.0,747.0,123,169,123.0,169.0,0.0,0.0,74,100,56.0,104.0,160,9,19.0,71.0,29.0,107.0,320,1,1,2165000.0,Atlanta,Hawks,ATL,Texas,2019,1.0,8.0,8.0
jaylen-brown,34,34.0,939.0,163,378,133.0,276.0,30.0,102.0,142,217,36.0,146.0,182,68,27.0,22.0,105.0,108.0,498,1,1,31830357.0,Boston,Celtics,BOS,California,2016,1.0,3.0,3.0
jaylin-williams,130,82.0,2752.0,449,879,337.0,552.0,112.0,327.0,178,233,150.0,364.0,514,208,85.0,97.0,151.0,248.0,1188,5,1,2000000.0,Oklahoma City,Thunder,OKC,Arkansas,2022,2.0,4.0,34.0
jayson-tatum,29,27.0,966.0,165,365,125.0,248.0,40.0,117.0,118,139,39.0,174.0,213,62,39.0,33.0,76.0,86.0,488,1,1,32600060.0,Boston,Celtics,BOS,Duke,2017,1.0,3.0,3.0
jeff-green,102,102.0,3388.0,485,994,396.0,746.0,89.0,248.0,280,400,217.0,447.0,664,318,92.0,127.0,257.0,254.0,1339,3,1,9600000.0,Boston,Celtics,BOS,Georgetown,2007,1.0,5.0,5.0
jerami-grant,72,29.0,1577.0,187,385,181.0,365.0,6.0,20.0,161,251,124.0,211.0,335,62,43.0,36.0,63.0,129.0,541,2,1,27586207.0,Philadelphia,76ers,PHI,Syracuse,2014,2.0,9.0,39.0
jeremiah-robinson-earl,56,56.0,1875.0,268,561,224.0,415.0,44.0,146.0,139,181,141.0,361.0,502,115,59.0,33.0,108.0,127.0,719,2,1,1900000.0,New York,Knicks,NYK,Villanova,2021,2.0,2.0,32.0
jeremy-sochan,30,1.0,754.0,100,211,76.0,130.0,24.0,81.0,53,90,59.0,132.0,191,53,38.0,21.0,47.0,69.0,277,1,1,5316960.0,San Antonio,Spurs,SAS,Baylor,2022,1.0,9.0,9.0
jericho-sims,119,77.0,2441.0,325,509,325.0,508.0,0.0,1.0,140,267,209.0,434.0,643,49,48.0,93.0,139.0,256.0,790,4,1,1927896.0,New York,Knicks,NYK,Texas,2021,2.0,28.0,58.0
jett-howard,29,29.0,922.0,137,331,59.0,119.0,78.0,212.0,60,75,8.0,74.0,82,59,12.0,19.0,37.0,64.0,412,1,1,5026800.0,Orlando,Magic,ORL,Michigan,2023,1.0,11.0,11.0
jevon-carter,144,112.0,4299.0,587,1441,346.0,763.0,241.0,678.0,343,430,131.0,407.0,538,559,330.0,34.0,264.0,358.0,1758,4,1,6190476.0,Memphis,Grizzlies,MEM,West Virginia,2018,2.0,2.0,32.0
jimmy-butler,106,69.0,3134.0,390,768,354.0,674.0,36.0,94.0,461,596,247.0,332.0,579,180,115.0,50.0,110.0,183.0,1277,3,1,45183960.0,Chicago,Bulls,CHI,Marquette,2011,1.0,30.0,30.0
joe-harris,15,1.0,151.0,19,42,10.0,18.0,9.0,24.0,0,4,9.0,15.0,24,5,3.0,0.0,6.0,10.0,47,1,1,19928571.0,Cleveland,Cavaliers,CLE,Virginia,2014,2.0,3.0,33.0
joel-embiid,28,20.0,647.0,107,171,106.0,166.0,1.0,5.0,98,143,65.0,162.0,227,38,25.0,72.0,66.0,94.0,313,1,1,47607350.0,Philadelphia,76ers,PHI,Kansas,2014,1.0,3.0,3.0
john-collins,64,34.0,1324.0,315,524,315.0,523.0,0.0,1.0,229,314,176.0,270.0,446,24,30.0,75.0,91.0,180.0,859,2,1,25340000.0,Atlanta,Hawks,ATL,Wake Forest,2017,1.0,19.0,19.0
john-wall,37,37.0,1288.0,202,438,165.0,324.0,37.0,114.0,175,232,30.0,129.0,159,241,66.0,19.0,149.0,72.0,616,1,1,6802950.0,Washington,Wizards,WAS,Kentucky,2010,1.0,1.0,1.0
johnny-davis,62,31.0,1813.0,296,687,245.0,530.0,51.0,157.0,187,240,75.0,308.0,383,101,70.0,41.0,105.0,129.0,830,2,1,5050800.0,Washington,Wizards,WAS,Wisconsin,2022,1.0,10.0,10.0
jonathan-isaac,32,32.0,839.0,130,256,99.0,167.0,31.0,89.0,92,118,56.0,195.0,251,37,37.0,49.0,48.0,70.0,383,1,1,17400000.0,Orlando,Magic,ORL,Florida State,2017,1.0,6.0,6.0
jordan-clarkson,186,150.0,5904.0,946,2150,756.0,1560.0,190.0,590.0,784,974,148.0,472.0,620,498,174.0,52.0,508.0,422.0,2866,3,2,23487629.0,Washington,Wizards,WAS,Missouri,2014,2.0,16.0,46.0
jordan-hawkins,64,41.0,1484.0,231,584,95.0,222.0,136.0,362.0,157,180,48.0,145.0,193,61,35.0,28.0,76.0,110.0,755,2,1,4310160.0,New Orleans,Pelicans,NOP,Connecticut,2023,1.0,14.0,14.0
jordan-nwora,93,59.0,2446.0,439,986,261.0,534.0,178.0,452.0,238,303,107.0,454.0,561,95,72.0,23.0,168.0,174.0,1294,3,1,3000000.0,Milwaukee,Bucks,MIL,Louisville,2020,2.0,15.0,45.0
jordan-poole,75,37.0,1700.0,236,544,121.0,233.0,115.0,311.0,118,142,11.0,152.0,163,102,60.0,14.0,82.0,114.0,705,2,1,27455357.0,Golden State,Warriors,GSW,Michigan,2019,1.0,28.0,28.0
jordan-walsh,36,22.0,878.0,94,217,74.0,145.0,20.0,72.0,47,66,43.0,98.0,141,33,40.0,17.0,37.0,105.0,255,1,1,1119563.0,Sacramento,Kings,SAC,Arkansas,2023,2.0,8.0,38.0
josh-christopher,15,15.0,446.0,76,176,58.0,117.0,18.0,59.0,44,55,10.0,61.0,71,21,22.0,8.0,26.0,48.0,214,1,1,2485200.0,Houston,Rockets,HOU,Arizona State,2021,1.0,24.0,24.0
josh-green,30,30.0,926.0,122,288,92.0,205.0,30.0,83.0,85,109,39.0,98.0,137,78,46.0,13.0,49.0,73.0,359,1,1,4765339.0,Dallas,Mavericks,DAL,Arizona,2020,1.0,18.0,18.0
josh-hart,146,77.0,4093.0,677,1326,470.0,794.0,207.0,532.0,360,500,252.0,560.0,812,266,161.0,43.0,194.0,327.0,1921,4,1,12960000.0,Utah,Jazz,UTA,Villanova,2017,1.0,30.0,30.0
josh-minott,33,5.0,483.0,83,159,81.0,145.0,2.0,14.0,49,65,52.0,72.0,124,31,27.0,22.0,31.0,58.0,217,1,1,1719864.0,Charlotte,Hornets,CHA,Memphis,2022,2.0,15.0,45.0
josh-okogie,61,61.0,2014.0,327,748,261.0,575.0,66.0,173.0,313,403,109.0,242.0,351,120,90.0,50.0,138.0,164.0,1033,2,1,2815937.0,Minnesota,Timberwolves,MIN,Georgia Tech,2018,1.0,20.0,20.0
josh-richardson,28,6.0,507.0,57,128,57.0,125.0,0.0,3.0,56,100,33.0,46.0,79,15,15.0,4.0,29.0,63.0,170,1,1,2891467.0,Miami,Heat,MIA,Tennessee,2015,2.0,10.0,40.0
joshua-primo,30,19.0,674.0,84,195,41.0,82.0,43.0,113.0,33,44,31.0,70.0,101,25,17.0,9.0,41.0,50.0,244,1,1,6105941.0,San Antonio,Spurs,SAS,Alabama,2021,1.0,12.0,12.0
jrue-holiday,35,35.0,950.0,112,249,85.0,161.0,27.0,88.0,45,62,44.0,88.0,132,129,55.0,18.0,75.0,75.0,296,1,1,36861707.0,Philadelphia,76ers,PHI,California-Los Angeles,2009,1.0,17.0,17.0
jt-thor,27,27.0,622.0,84,191,62.0,117.0,22.0,74.0,63,85,44.0,92.0,136,23,22.0,37.0,42.0,55.0,253,1,1,1836096.0,Detroit,Pistons,DET,Auburn,2021,2.0,7.0,37.0
julian-phillips,32,25.0,770.0,79,192,68.0,146.0,11.0,46.0,97,118,57.0,93.0,150,46,20.0,17.0,41.0,56.0,266,1,1,1600000.0,Boston,Celtics,BOS,Tennessee,2023,2.0,5.0,35.0
julian-strawther,94,68.0,2196.0,355,734,212.0,362.0,143.0,372.0,175,235,79.0,354.0,433,82,52.0,23.0,93.0,164.0,1028,3,1,2431080.0,Indiana,Pacers,IND,Gonzaga,2023,1.0,29.0,29.0
julius-randle,40,40.0,1233.0,196,391,193.0,373.0,3.0,18.0,204,289,139.0,277.0,416,57,20.0,31.0,101.0,91.0,599,1,1,28226880.0,Los Angeles,Lakers,LAL,Kentucky,2014,1.0,7.0,7.0
kai-jones,53,14.0,1044.0,121,219,101.0,161.0,20.0,58.0,65,96,79.0,134.0,213,26,36.0,54.0,59.0,122.0,327,2,1,3047880.0,New York,Knicks,NYK,Texas,2021,1.0,19.0,19.0
karl-anthony-towns,39,39.0,822.0,145,256,143.0,248.0,2.0,8.0,109,134,92.0,169.0,261,44,18.0,88.0,53.0,115.0,401,1,1,36016200.0,Minnesota,Timberwolves,MIN,Kentucky,2015,1.0,1.0,1.0
kawhi-leonard,70,69.0,2236.0,377,840,336.0,676.0,41.0,164.0,195,262,230.0,486.0,716,156,98.0,45.0,153.0,174.0,990,2,1,45640084.0,Indiana,Pacers,IND,San Diego State,2011,1.0,15.0,15.0
keegan-murray,66,39.0,1674.0,391,720,309.0,500.0,82.0,220.0,182,243,150.0,311.0,461,69,71.0,107.0,59.0,123.0,1046,2,1,8409000.0,Sacramento,Kings,SAC,Iowa,2022,1.0,4.0,4.0
keita-bates-diop,109,70.0,2702.0,469,993,346.0,644.0,123.0,349.0,211,272,124.0,497.0,621,121,68.0,128.0,134.0,155.0,1272,4,1,2346614.0,Minnesota,Timberwolves,MIN,Ohio State,2018,2.0,18.0,48.0
keldon-johnson,37,36.0,1137.0,172,373,127.0,255.0,45.0,118.0,109,155,49.0,168.0,217,60,28.0,6.0,60.0,83.0,498,1,1,20000000.0,San Antonio,Spurs,SAS,Kentucky,2019,1.0,29.0,29.0
kelly-olynyk,101,31.0,1735.0,338,569,313.0,494.0,25.0,75.0,202,285,152.0,309.0,461,107,52.0,46.0,140.0,197.0,903,3,1,12195122.0,Dallas,Mavericks,DAL,Gonzaga,2013,1.0,13.0,13.0
kelly-oubre jr.,36,27.0,756.0,110,248,76.0,153.0,34.0,95.0,79,110,41.0,138.0,179,28,41.0,13.0,43.0,71.0,333,1,1,2019706.0,Atlanta,Hawks,ATL,Kansas,2015,1.0,15.0,15.0
kennedy-chandler,34,34.0,1048.0,182,392,133.0,264.0,49.0,128.0,60,99,23.0,87.0,110,161,74.0,8.0,85.0,69.0,473,1,1,1719864.0,San Antonio,Spurs,SAS,Tennessee,2022,2.0,8.0,38.0
kentavious-caldwell-pope,64,60.0,2114.0,338,814,189.0,375.0,149.0,439.0,188,250,82.0,310.0,392,96,123.0,28.0,100.0,139.0,1013,2,1,14704938.0,Detroit,Pistons,DET,Georgia,2013,1.0,8.0,8.0
keon-johnson,128,115.0,3940.0,632,1474,337.0,734.0,295.0,740.0,517,610,48.0,350.0,398,270,91.0,0.0,219.0,238.0,2076,4,1,2808720.0,New York,Knicks,NYK,Tennessee,2021,1.0,21.0,21.0
kessler-edwards,92,84.0,2909.0,424,905,274.0,525.0,150.0,380.0,221,280,152.0,446.0,598,112,93.0,124.0,142.0,218.0,1219,3,1,1927896.0,Brooklyn,Nets,BKN,Pepperdine,2021,2.0,14.0,44.0
kevin-durant,35,35.0,1255.0,306,647,224.0,444.0,82.0,203.0,209,256,106.0,284.0,390,46,66.0,67.0,99.0,71.0,903,1,1,47649433.0,Seattle,SuperSonics,SEA,Texas,2007,1.0,2.0,2.0
kevin-huerter,65,65.0,2072.0,273,586,135.0,236.0,138.0,350.0,95,127,53.0,271.0,324,196,52.0,44.0,126.0,136.0,779,2,1,15669643.0,Atlanta,Hawks,ATL,Maryland,2018,1.0,19.0,19.0
kevin-knox,37,37.0,1198.0,196,440,139.0,273.0,57.0,167.0,127,164,33.0,167.0,200,53,31.0,10.0,85.0,82.0,576,1,1,1845593.0,New York,Knicks,NYK,Kentucky,2018,1.0,9.0,9.0
kevin-love,39,38.0,1156.0,227,406,198.0,324.0,29.0,82.0,198,258,142.0,273.0,415,75,27.0,56.0,78.0,73.0,681,1,1,3835738.0,Memphis,Grizzlies,MEM,California-Los Angeles,2008,1.0,5.0,5.0
kevin-porter jr.,21,4.0,464.0,74,157,46.0,89.0,28.0,68.0,24,46,20.0,64.0,84,30,17.0,11.0,39.0,44.0,200,1,1,15860000.0,Milwaukee,Bucks,MIL,Southern California,2019,1.0,30.0,30.0
kevon-looney,36,36.0,1113.0,151,321,129.0,268.0,22.0,53.0,92,147,122.0,209.0,331,51,46.0,32.0,45.0,104.0,416,1,1,7500000.0,Golden State,Warriors,GSW,California-Los Angeles,2015,1.0,30.0,30.0
keyonte-george,33,33.0,944.0,155,412,78.0,184.0,77.0,228.0,119,150,33.0,104.0,137,91,37.0,6.0,95.0,70.0,506,1,1,3889800.0,Utah,Jazz,UTA,Baylor,2023,1.0,16.0,16.0
khris-middleton,87,72.0,2263.0,340,789,248.0,502.0,92.0,287.0,209,272,131.0,265.0,396,175,87.0,17.0,173.0,187.0,981,3,1,29320988.0,Detroit,Pistons,DET,Texas A&M,2012,2.0,9.0,39.0
kira-lewis jr.,65,65.0,2242.0,363,812,253.0,508.0,110.0,304.0,195,246,39.0,196.0,235,260,84.0,28.0,184.0,142.0,1031,2,1,5722116.0,New Orleans,Pelicans,NOP,Alabama,2020,1.0,13.0,13.0
klay-thompson,98,96.0,3367.0,599,1414,357.0,794.0,242.0,620.0,316,382,89.0,386.0,475,259,130.0,74.0,289.0,241.0,1756,3,1,43219440.0,Golden State,Warriors,GSW,Washington State,2011,1.0,11.0,11.0
kobe-brown,123,118.0,3091.0,487,990,387.0,671.0,100.0,319.0,260,348,209.0,532.0,741,205,134.0,64.0,206.0,316.0,1334,4,1,2413320.0,LA,Clippers,LAC,Missouri,2023,1.0,30.0,30.0
kobe-bufkin,61,33.0,1419.0,203,438,152.0,281.0,51.0,157.0,90,108,34.0,147.0,181,104,54.0,26.0,79.0,104.0,547,2,1,4094280.0,Atlanta,Hawks,ATL,Michigan,2023,1.0,15.0,15.0
kris-dunn,95,83.0,2997.0,424,943,351.0,737.0,73.0,206.0,293,423,106.0,380.0,486,552,208.0,38.0,315.0,280.0,1214,4,1,2586665.0,Minnesota,Timberwolves,MIN,Providence,2016,1.0,5.0,5.0
kris-murray,77,30.0,1681.0,344,728,235.0,415.0,109.0,313.0,137,196,138.0,249.0,387,96,60.0,66.0,73.0,151.0,934,3,1,2847480.0,Portland,Trail Blazers,POR,Iowa,2023,1.0,23.0,23.0
kyle-anderson,71,70.0,2242.0,303,670,267.0,574.0,36.0,96.0,223,303,119.0,498.0,617,355,126.0,58.0,183.0,132.0,865,2,1,9219512.0,San Antonio,Spurs,SAS,California-Los Angeles,2014,1.0,30.0,30.0
kyle-kuzma,96,64.0,2013.0,372,735,321.0,566.0,51.0,169.0,171,270,155.0,377.0,532,141,31.0,35.0,151.0,151.0,966,3,1,25568182.0,Brooklyn,Nets,BKN,Utah,2017,1.0,27.0,27.0
kyle-lowry,57,34.0,1524.0,181,403,168.0,363.0,13.0,40.0,168,228,82.0,137.0,219,171,108.0,13.0,110.0,148.0,543,2,1,29682540.0,Memphis,Grizzlies,MEM,Villanova,2006,1.0,24.0,24.0
kyrie-irving,11,8.0,303.0,55,104,37.0,65.0,18.0,39.0,64,71,6.0,31.0,37,47,16.0,6.0,27.0,23.0,192,1,1,37037037.0,Cleveland,Cavaliers,CLE,Duke,2011,1.0,1.0,1.0
landry-shamet,71,68.0,2029.0,296,617,137.0,253.0,159.0,364.0,163,201,39.0,174.0,213,288,54.0,14.0,108.0,146.0,914,3,1,10250000.0,Philadelphia,76ers,PHI,Wichita State,2018,1.0,26.0,26.0
larry-nance jr.,117,92.0,2958.0,553,1037,0.0,0.0,0.0,0.0,235,374,0.0,0.0,784,177,106.0,108.0,225.0,318.0,1341,4,1,10375000.0,Los Angeles,Lakers,LAL,Wyoming,2015,1.0,27.0,27.0
lauri-markkanen,37,37.0,1140.0,185,376,116.0,213.0,69.0,163.0,137,164,88.0,178.0,266,32,15.0,19.0,40.0,73.0,576,1,1,17259999.0,Minnesota,Timberwolves,MIN,Arizona,2017,1.0,7.0,7.0
lonnie-walker iv,32,18.0,888.0,132,318,76.0,156.0,56.0,162.0,48,65,13.0,70.0,83,61,30.0,15.0,37.0,51.0,368,1,1,2019706.0,San Antonio,Spurs,SAS,Miami (FL),2018,1.0,18.0,18.0
lonzo-ball,36,36.0,1263.0,189,343,109.0,149.0,80.0,194.0,66,98,33.0,183.0,216,274,66.0,28.0,89.0,65.0,524,1,1,20465117.0,Los Angeles,Lakers,LAL,California-Los Angeles,2017,1.0,2.0,2.0
luke-kennard,73,47.0,2275.0,378,820,235.0,447.0,143.0,373.0,248,286,78.0,239.0,317,146,65.0,19.0,87.0,152.0,1147,2,1,14763636.0,Detroit,Pistons,DET,Duke,2017,1.0,12.0,12.0
malachi-flynn,188,184.0,6264.0,900,2144,478.0,980.0,422.0,1164.0,488,586,100.0,580.0,680,770,252.0,12.0,376.0,342.0,2710,3,2,3873025.0,Toronto,Raptors,TOR,San Diego State,2020,1.0,29.0,29.0
malaki-branham,32,31.0,948.0,160,321,123.0,232.0,37.0,89.0,80,96,25.0,89.0,114,64,23.0,9.0,54.0,56.0,437,1,1,3071880.0,San Antonio,Spurs,SAS,Ohio State,2022,1.0,20.0,20.0
malcolm-brogdon,136,109.0,4157.0,601,1399,416.0,892.0,185.0,507.0,422,482,82.0,481.0,563,335,117.0,31.0,207.0,250.0,1809,4,1,22500000.0,Milwaukee,Bucks,MIL,Virginia,2016,2.0,6.0,36.0
malik-beasley,34,33.0,1014.0,185,393,130.0,251.0,55.0,142.0,104,128,44.0,136.0,180,51,32.0,6.0,59.0,75.0,529,1,1,2019706.0,Denver,Nuggets,DEN,Florida State,2016,1.0,19.0,19.0
shake-milton,87,80.0,3019.0,388,859,198.0,414.0,190.0,445.0,200,253,38.0,298.0,336,337,99.0,33.0,159.0,135.0,1166,3,1,5000000.0,Dallas,Mavericks,DAL,Southern Methodist,2018,2.0,24.0,54.0
malik-monk,38,37.0,1218.0,251,558,147.0,296.0,104.0,262.0,148,180,12.0,83.0,95,87,36.0,19.0,75.0,72.0,754,1,1,9945830.0,Charlotte,Hornets,CHA,Kentucky,2017,1.0,11.0,11.0
marcus-morris,109,90.0,2611.0,508,916,464.0,793.0,44.0,123.0,311,471,261.0,415.0,676,137,102.0,48.0,172.0,279.0,1371,3,1,17116279.0,Houston,Rockets,HOU,Kansas,2011,1.0,14.0,14.0
marcus-sasser,107,93.0,3130.0,474,1168,198.0,420.0,276.0,748.0,234,284,37.0,247.0,284,259,143.0,11.0,146.0,175.0,1458,4,1,2624040.0,Memphis,Grizzlies,MEM,Houston,2023,1.0,25.0,25.0
marcus-smart,64,63.0,2120.0,314,760,227.0,465.0,87.0,295.0,349,465,94.0,281.0,375,287,188.0,40.0,193.0,183.0,1064,2,1,18833713.0,Boston,Celtics,BOS,Oklahoma State,2014,1.0,6.0,6.0
mark-williams,19,18.0,677.0,101,275,66.0,158.0,35.0,117.0,78,113,28.0,41.0,69,30,29.0,0.0,51.0,48.0,315,1,1,3908160.0,Charlotte,Hornets,CHA,Duke,2022,1.0,15.0,15.0
markelle-fultz,25,25.0,892.0,209,439,157.0,313.0,52.0,126.0,109,168,33.0,110.0,143,148,40.0,30.0,80.0,63.0,579,1,1,17000000.0,Philadelphia,76ers,PHI,Washington,2017,1.0,1.0,1.0
markieff-morris,109,43.0,2105.0,341,617,303.0,523.0,38.0,94.0,203,311,217.0,445.0,662,126,60.0,103.0,172.0,298.0,923,3,1,2019706.0,Phoenix,Suns,PHX,Kansas,2011,1.0,13.0,13.0
marvin-bagley iii,33,32.0,1118.0,270,440,247.0,382.0,23.0,58.0,131,209,132.0,234.0,366,50,27.0,29.0,75.0,60.0,694,1,1,12500000.0,Sacramento,Kings,SAC,Duke,2018,1.0,2.0,2.0
mason-plumlee,141,99.0,3652.0,525,915,523.0,905.0,2.0,10.0,332,569,333.0,755.0,1088,212,115.0,199.0,282.0,347.0,1384,4,1,5000000.0,Brooklyn,Nets,BKN,Duke,2013,1.0,22.0,22.0
matisse-thybulle,135,134.0,3963.0,441,1027,250.0,493.0,191.0,534.0,169,216,119.0,296.0,415,276,331.0,185.0,252.0,381.0,1242,4,1,10500000.0,Boston,Celtics,BOS,Washington,2019,1.0,20.0,20.0
max-christie,35,35.0,1078.0,112,293,73.0,170.0,39.0,123.0,61,74,30.0,91.0,121,51,18.0,17.0,52.0,39.0,324,1,1,1719864.0,Los Angeles,Lakers,LAL,Michigan State,2022,2.0,5.0,35.0
maxwell-lewis,52,33.0,1384.0,269,594,190.0,371.0,79.0,223.0,144,182,57.0,187.0,244,112,50.0,36.0,149.0,129.0,761,2,1,1119563.0,Denver,Nuggets,DEN,Pepperdine,2023,2.0,10.0,40.0
michael-porter jr.,3,1.0,53.0,10,30,7.0,20.0,3.0,10.0,7,9,4.0,16.0,20,1,3.0,1.0,3.0,6.0,30,1,1,33386850.0,Denver,Nuggets,DEN,Missouri,2018,1.0,14.0,14.0
mikal-bridges,116,73.0,3171.0,458,873,287.0,445.0,171.0,428.0,224,265,131.0,373.0,504,183,163.0,101.0,124.0,257.0,1311,3,1,21700000.0,Philadelphia,76ers,PHI,Villanova,2018,1.0,10.0,10.0
mike-conley,39,39.0,1231.0,160,309,139.0,240.0,21.0,69.0,100,144,27.0,107.0,134,238,87.0,10.0,86.0,60.0,441,1,1,24360000.0,Memphis,Grizzlies,MEM,Ohio State,2007,1.0,4.0,4.0
mike-muscala,133,118.0,3815.0,723,1443,702.0,1376.0,21.0,67.0,569,695,301.0,792.0,1093,211,56.0,271.0,217.0,312.0,2036,4,1,3500000.0,Dallas,Mavericks,DAL,Bucknell,2013,2.0,14.0,44.0
miles-bridges,62,60.0,1962.0,386,821,259.0,482.0,127.0,339.0,156,201,84.0,385.0,469,150,40.0,69.0,133.0,105.0,1055,2,1,7921300.0,LA,Clippers,LAC,Michigan State,2018,1.0,12.0,12.0
miles-mcbride,60,30.0,1679.0,259,618,189.0,428.0,70.0,190.0,168,214,50.0,136.0,186,196,90.0,24.0,94.0,103.0,756,2,1,1836096.0,Oklahoma City,Thunder,OKC,West Virginia,2021,2.0,6.0,36.0
mo-bamba,30,29.0,906.0,146,270,132.0,219.0,14.0,51.0,81,119,96.0,220.0,316,15,23.0,111.0,46.0,76.0,387,1,1,2019706.0,Orlando,Magic,ORL,Texas,2018,1.0,6.0,6.0
monte-morris,140,121.0,4734.0,636,1336,484.0,937.0,152.0,399.0,284,364,108.0,408.0,516,768,225.0,41.0,165.0,212.0,1708,4,1,9800926.0,Denver,Nuggets,DEN,Iowa State,2017,2.0,21.0,51.0
montrezl-harrell,112,75.0,2961.0,533,910,522.0,870.0,11.0,40.0,217,407,294.0,483.0,777,102,91.0,118.0,145.0,214.0,1294,3,1,2019706.0,Houston,Rockets,HOU,Louisville,2015,2.0,2.0,32.0
moritz-wagner,107,77.0,2244.0,421,770,311.0,484.0,110.0,286.0,162,232,128.0,356.0,484,57,83.0,40.0,126.0,269.0,1114,3,1,8000000.0,Los Angeles,Lakers,LAL,Michigan,2018,1.0,25.0,25.0
moses-moody,32,32.0,1082.0,165,386,107.0,224.0,58.0,162.0,151,186,64.0,120.0,184,51,33.0,21.0,52.0,74.0,539,1,1,3918480.0,Golden State,Warriors,GSW,Arkansas,2021,1.0,14.0,14.0
mouhamed-gueye,68,66.0,1826.0,295,603,277.0,538.0,18.0,65.0,122,199,182.0,275.0,457,79,56.0,61.0,112.0,186.0,730,2,1,1119563.0,Charlotte,Hornets,CHA,Washington State,2023,2.0,9.0,39.0
myles-turner,34,7.0,755.0,117,257,100.0,195.0,17.0,62.0,94,112,44.0,178.0,222,20,10.0,89.0,47.0,82.0,345,1,1,20975000.0,Indiana,Pacers,IND,Texas,2015,1.0,11.0,11.0
bones-hyland,55,33.0,1404.0,252,571,120.0,240.0,132.0,331.0,110,133,14.0,167.0,181,107,71.0,14.0,110.0,124.0,746,2,1,2306400.0,Denver,Nuggets,DEN,Virginia Commonwealth,2021,1.0,26.0,26.0
nassir-little,36,0.0,656.0,131,274,117.0,222.0,14.0,52.0,77,100,57.0,109.0,166,24,19.0,19.0,48.0,59.0,353,1,1,6250000.0,Portland,Trail Blazers,POR,North Carolina,2019,1.0,25.0,25.0
neemias-queta,86,84.0,2406.0,442,744,439.0,736.0,3.0,8.0,246,381,213.0,563.0,776,175,63.0,219.0,218.0,228.0,1133,3,1,250000.0,Sacramento,Kings,SAC,Utah State,2021,2.0,9.0,39.0
nerlens-noel,24,24.0,765.0,98,166,98.0,166.0,0.0,0.0,55,104,65.0,162.0,227,38,50.0,106.0,45.0,62.0,251,1,1,300000.0,New Orleans,Pelicans,NOP,Kentucky,2013,1.0,6.0,6.0
nick-richards,105,70.0,1908.0,281,448,281.0,448.0,0.0,0.0,209,287,193.0,334.0,527,23,10.0,146.0,101.0,250.0,771,3,1,5000000.0,New Orleans,Pelicans,NOP,Kentucky,2020,2.0,12.0,42.0
nick-smith jr.,17,14.0,438.0,76,202,52.0,131.0,24.0,71.0,37,50,4.0,24.0,28,29,14.0,2.0,27.0,26.0,213,1,1,2463960.0,Charlotte,Hornets,CHA,Arkansas,2023,1.0,27.0,27.0
nickeil-alexander-walker,67,67.0,2006.0,314,677,198.0,374.0,116.0,303.0,158,207,39.0,227.0,266,184,92.0,36.0,149.0,127.0,902,2,1,4687500.0,Brooklyn,Nets,BKN,Virginia Tech,2019,1.0,17.0,17.0
nic-claxton,65,37.0,1496.0,181,396,155.0,310.0,26.0,86.0,157,257,127.0,276.0,403,64,39.0,123.0,90.0,147.0,545,2,1,9625000.0,Brooklyn,Nets,BKN,Georgia,2019,2.0,1.0,31.0
nik-stauskas,75,69.0,2471.0,323,692,151.0,302.0,172.0,390.0,242,291,35.0,186.0,221,170,42.0,20.0,111.0,73.0,1060,2,1,702311.0,Sacramento,Kings,SAC,Michigan,2014,1.0,8.0,8.0
nikola-vucevic,87,67.0,2409.0,367,721,330.0,599.0,37.0,122.0,191,256,213.0,481.0,694,97,45.0,95.0,129.0,212.0,962,3,1,18518519.0,Philadelphia,76ers,PHI,Southern California,2011,1.0,16.0,16.0
noah-clowney,36,36.0,915.0,123,253,89.0,133.0,34.0,120.0,72,111,75.0,210.0,285,29,21.0,34.0,46.0,90.0,352,1,1,3089520.0,Brooklyn,Nets,BKN,Alabama,2023,1.0,21.0,21.0
norman-powell,141,83.0,3555.0,503,1090,392.0,736.0,111.0,354.0,259,347,58.0,366.0,424,214,158.0,57.0,180.0,288.0,1376,4,1,18000000.0,Milwaukee,Bucks,MIL,California-Los Angeles,2015,2.0,16.0,46.0
obi-toppin,64,46.0,1854.0,446,689,403.0,586.0,43.0,103.0,161,228,87.0,333.0,420,128,51.0,66.0,131.0,121.0,1096,2,1,6803012.0,New York,Knicks,NYK,Dayton,2020,1.0,8.0,8.0
ochai-agbaji,122,116.0,3978.0,590,1318,340.0,647.0,250.0,671.0,222,311,118.0,419.0,537,200,117.0,56.0,209.0,222.0,1652,4,1,4114200.0,Cleveland,Cavaliers,CLE,Kansas,2022,1.0,14.0,14.0
og-anunoby,50,10.0,868.0,134,238,107.0,164.0,27.0,74.0,47,90,70.0,107.0,177,41,48.0,47.0,54.0,85.0,342,2,1,18642857.0,Toronto,Raptors,TOR,Indiana,2017,1.0,23.0,23.0
olivier-maxence-prosper,180,126.0,3850.0,488,1020,366.0,634.0,122.0,386.0,334,446,196.0,434.0,630,118,130.0,24.0,174.0,344.0,1432,3,2,2733720.0,Sacramento,Kings,SAC,Marquette,2023,1.0,24.0,24.0
onyeka-okongwu,28,28.0,858.0,175,284,174.0,280.0,1.0,4.0,103,143,92.0,150.0,242,30,34.0,76.0,56.0,75.0,454,1,1,8109063.0,Atlanta,Hawks,ATL,Southern California,2020,1.0,6.0,6.0
otto-porter jr.,64,38.0,2077.0,293,588,238.0,433.0,55.0,155.0,181,241,121.0,336.0,457,135,94.0,55.0,85.0,125.0,822,2,1,6300000.0,Washington,Wizards,WAS,Georgetown,2013,1.0,3.0,3.0
paolo-banchero,39,39.0,1286.0,245,513,201.0,383.0,44.0,130.0,137,188,68.0,236.0,304,124,41.0,36.0,92.0,75.0,671,1,1,11608080.0,Orlando,Magic,ORL,Duke,2022,1.0,1.0,1.0
pascal-siakam,68,61.0,2224.0,441,800,438.0,783.0,3.0,17.0,241,339,243.0,414.0,657,103,62.0,136.0,131.0,180.0,1126,2,1,37893408.0,Toronto,Raptors,TOR,New Mexico State,2016,1.0,27.0,27.0
pat-connaughton,139,123.0,4484.0,515,1145,247.0,450.0,268.0,695.0,167,215,137.0,686.0,823,257,93.0,71.0,135.0,232.0,1465,4,1,9423869.0,Brooklyn,Nets,BKN,Notre Dame,2015,2.0,11.0,41.0
patrick-baldwin jr.,11,10.0,314.0,45,131,28.0,67.0,17.0,64.0,26,35,10.0,54.0,64,17,9.0,9.0,23.0,17.0,133,1,1,2337720.0,Golden State,Warriors,GSW,Wisconsin-Milwaukee,2022,1.0,28.0,28.0
patty-mills,58,56.0,1894.0,324,780,196.0,393.0,128.0,387.0,174,216,26.0,103.0,129,212,114.0,9.0,166.0,93.0,950,2,1,6802950.0,Portland,Trail Blazers,POR,St. Mary's (CA),2009,2.0,25.0,55.0
patrick-williams,109,0.0,0.0,305,617,172.0,329.0,20.0,46.0,136,194,0.0,0.0,380,126,67.0,48.0,0.0,0.0,766,4,1,9835881.0,Chicago,Bulls,CHI,Florida State,2020,1.0,4.0,4.0
paul-george,63,63.0,2138.0,320,716,198.0,408.0,122.0,308.0,212,264,118.0,304.0,422,151,123.0,58.0,173.0,176.0,974,2,1,45640084.0,Indiana,Pacers,IND,Fresno State,2010,1.0,10.0,10.0
paul-reed,7,0.0,32.0,2,6,2.0,6.0,0.0,0.0,0,3,1.0,4.0,5,0,0.0,2.0,1.0,5.0,4,1,1,7723000.0,Philadelphia,76ers,PHI,DePaul,2020,2.0,28.0,58.0
payton-pritchard,144,140.0,4854.0,657,1504,369.0,745.0,288.0,759.0,336,420,95.0,455.0,550,659,211.0,7.0,292.0,321.0,1938,4,1,4037277.0,Boston,Celtics,BOS,Oregon,2020,1.0,26.0,26.0
peyton-watson,32,0.0,405.0,38,118,31.0,87.0,7.0,31.0,22,32,29.0,63.0,92,26,19.0,19.0,30.0,51.0,105,1,1,2303520.0,Oklahoma City,Thunder,OKC,California-Los Angeles,2022,1.0,30.0,30.0
p.j.-tucker,87,69.0,2518.0,438,832,436.0,828.0,2.0,4.0,291,409,267.0,447.0,714,170,116.0,23.0,191.0,218.0,1169,3,1,11014500.0,Toronto,Raptors,TOR,Texas,2006,2.0,5.0,35.0
p.j.-washington,72,63.0,2036.0,325,624,287.0,525.0,38.0,99.0,244,386,148.0,327.0,475,120,57.0,74.0,140.0,186.0,932,2,1,16847826.0,Charlotte,Hornets,CHA,Kentucky,2019,1.0,12.0,12.0
precious-achiuwa,31,31.0,943.0,182,369,169.0,329.0,13.0,40.0,112,187,93.0,241.0,334,30,34.0,58.0,87.0,73.0,489,1,1,4379527.0,Miami,Heat,MIA,Memphis,2020,1.0,20.0,20.0
quentin-grimes,192,174.0,5618.0,812,1978,420.0,906.0,392.0,1072.0,384,548,170.0,572.0,742,416,178.0,42.0,388.0,438.0,2400,3,2,2385720.0,LA,Clippers,LAC,Houston,2021,1.0,25.0,25.0
reggie-bullock,46,22.0,483.0,52,122,51.0,112.0,1.0,10.0,24,46,42.0,49.0,91,19,28.0,6.0,40.0,62.0,129,2,1,13033786.0,Los Angeles,Clippers,LAC,North Carolina,2013,1.0,25.0,25.0
reggie-jackson,99,52.0,2775.0,455,979,334.0,634.0,121.0,345.0,223,296,135.0,298.0,433,350,83.0,46.0,203.0,172.0,1254,3,1,5000000.0,Oklahoma City,Thunder,OKC,Boston College,2011,1.0,24.0,24.0
richaun-holmes,95,63.0,2518.0,403,728,373.0,643.0,30.0,85.0,253,363,250.0,402.0,652,62,75.0,244.0,143.0,233.0,1089,3,1,12046020.0,Philadelphia,76ers,PHI,Bowling Green,2015,2.0,7.0,37.0
rj-barrett,38,38.0,1341.0,319,702,246.0,465.0,73.0,237.0,149,224,59.0,229.0,288,164,34.0,16.0,123.0,70.0,860,1,1,23883929.0,New York,Knicks,NYK,Duke,2019,1.0,3.0,3.0
robert-williams,122,59.0,2404.0,333,684,333.0,684.0,0.0,0.0,141,256,270.0,305.0,575,49,54.0,71.0,152.0,358.0,807,5,1,11571429.0,Boston,Celtics,BOS,Texas A&M,2018,1.0,27.0,27.0
robin-lopez,67,61.0,1626.0,236,462,235.0,460.0,1.0,2.0,128,209,171.0,205.0,376,51,23.0,156.0,109.0,166.0,601,2,1,2019706.0,Phoenix,Suns,PHX,Stanford,2008,1.0,15.0,15.0
rudy-gay,64,59.0,1908.0,319,692,263.0,544.0,56.0,148.0,176,244,121.0,257.0,378,116,83.0,111.0,143.0,146.0,870,2,1,,Houston,Rockets,HOU,Connecticut,2006,1.0,8.0,8.0
rui-hachimura,102,39.0,2012.0,462,798,438.0,722.0,24.0,76.0,282,378,111.0,341.0,452,81,60.0,50.0,120.0,163.0,1230,3,1,15740741.0,Washington,Wizards,WAS,Gonzaga,2019,1.0,9.0,9.0
russell-westbrook,75,35.0,1643.0,230,496,195.0,397.0,35.0,99.0,124,181,69.0,112.0,181,191,77.0,8.0,121.0,128.0,619,2,1,3835738.0,Oklahoma City,Thunder,OKC,California-Los Angeles,2008,1.0,4.0,4.0
ryan-rollins,64,64.0,2018.0,378,835,290.0,557.0,88.0,278.0,207,260,54.0,305.0,359,199,92.0,13.0,147.0,164.0,1051,2,1,1719864.0,Atlanta,Hawks,ATL,Toledo,2022,2.0,14.0,44.0
saddiq-bey,67,60.0,2115.0,284,605,156.0,299.0,128.0,306.0,99,136,114.0,216.0,330,120,55.0,24.0,74.0,155.0,795,2,1,4556983.0,Brooklyn,Nets,BKN,Villanova,2020,1.0,19.0,19.0
sam-merrill,131,118.0,4360.0,715,1521,396.0,762.0,319.0,759.0,448,503,38.0,437.0,475,477,129.0,25.0,208.0,313.0,2197,4,1,1997238.0,New Orleans,Pelicans,NOP,Utah State,2020,2.0,30.0,60.0
sandro-mamukelashvili,115,79.0,2802.0,402,876,301.0,578.0,101.0,298.0,195,294,194.0,457.0,651,184,66.0,84.0,181.0,235.0,1100,4,1,2019706.0,Indiana,Pacers,IND,Seton Hall,2021,2.0,24.0,54.0
santi-aldama,27,26.0,899.0,196,396,151.0,249.0,45.0,147.0,76,119,46.0,202.0,248,60,26.0,46.0,78.0,55.0,513,2,1,2194200.0,Utah,Jazz,UTA,Loyola-Maryland,2021,1.0,30.0,30.0
scottie-barnes,24,7.0,595.0,98,195,87.0,155.0,11.0,40.0,41,66,35.0,61.0,96,98,35.0,11.0,59.0,52.0,248,1,1,8008680.0,Toronto,Raptors,TOR,Florida State,2021,1.0,4.0,4.0
shai-gilgeous-alexander,37,24.0,1248.0,183,377,160.0,320.0,23.0,57.0,143,175,33.0,120.0,153,189,61.0,18.0,100.0,62.0,532,1,1,33386850.0,Charlotte,Hornets,CHA,Kentucky,2018,1.0,11.0,11.0
skylar-mays,130,121.0,3963.0,520,1168,347.0,667.0,173.0,501.0,404,478,62.0,409.0,471,382,213.0,25.0,238.0,221.0,1617,4,1,1799163.0,Atlanta,Hawks,ATL,Louisiana State,2020,2.0,20.0,50.0
spencer-dinwiddie,86,86.0,2590.0,290,690,175.0,392.0,115.0,298.0,420,506,42.0,246.0,288,227,97.0,29.0,153.0,181.0,1115,3,1,20357143.0,Detroit,Pistons,DET,Colorado,2014,2.0,8.0,38.0
stephen-curry,104,103.0,3387.0,871,1866,457.0,862.0,414.0,1004.0,479,547,81.0,392.0,473,388,221.0,28.0,314.0,253.0,2635,3,1,51915615.0,Golden State,Warriors,GSW,Davidson,2009,1.0,7.0,7.0
steven-adams,32,32.0,749.0,100,175,100.0,175.0,0.0,0.0,31,70,90.0,113.0,203,20,21.0,65.0,35.0,52.0,231,1,1,12600000.0,Oklahoma City,Thunder,OKC,Pittsburgh,2013,1.0,12.0,12.0
svi-mykhailiuk,136,70.0,3070.0,422,986,185.0,407.0,237.0,579.0,100,134,93.0,247.0,340,202,97.0,27.0,146.0,227.0,1181,4,1,2019706.0,Los Angeles,Lakers,LAL,Kansas,2018,2.0,17.0,47.0
taj-gibson,105,104.0,3435.0,502,866,502.0,866.0,0.0,0.0,303,482,304.0,592.0,896,142,77.0,253.0,260.0,328.0,1307,3,1,2019706.0,Chicago,Bulls,CHI,Southern California,2009,1.0,26.0,26.0
talen-horton-tucker,35,34.0,952.0,155,382,106.0,223.0,49.0,159.0,55,88,23.0,147.0,170,82,45.0,23.0,60.0,79.0,414,1,1,11020000.0,Orlando,Magic,ORL,Iowa State,2019,2.0,16.0,46.0
tari-eason,112,24.0,2514.0,514,1020,444.0,806.0,70.0,214.0,356,470,254.0,454.0,708,126,182.0,130.0,246.0,302.0,1454,2,2,3527160.0,Houston,Rockets,HOU,Louisiana State,2022,1.0,17.0,17.0
taurean-prince,129,42.0,2604.0,468,1017,338.0,671.0,130.0,346.0,255,355,202.0,345.0,547,145,121.0,63.0,221.0,271.0,1321,4,1,4516000.0,Utah,Jazz,UTA,Baylor,2016,1.0,12.0,12.0
taylor-hendricks,34,34.0,1179.0,184,385,123.0,230.0,61.0,155.0,86,110,80.0,157.0,237,46,31.0,59.0,48.0,68.0,515,1,1,5569920.0,Utah,Jazz,UTA,Central Florida,2023,1.0,9.0,9.0
ja-morant,65,65.0,2295.0,398,821,314.0,576.0,84.0,245.0,333,411,95.0,301.0,396,532,88.0,40.0,249.0,112.0,1213,2,1,34005250.0,Memphis,Grizzlies,MEM,Murray State,2019,1.0,2.0,2.0
terance-mann,140,101.0,3620.0,505,915,451.0,750.0,54.0,165.0,258,385,266.0,444.0,710,269,112.0,34.0,191.0,284.0,1322,4,1,10576923.0,LA,Clippers,LAC,Florida State,2019,2.0,18.0,48.0
terry-rozier,73,45.0,1959.0,307,753,223.0,499.0,84.0,254.0,176,228,71.0,243.0,314,175,110.0,8.0,101.0,116.0,874,2,1,23205221.0,Boston,Celtics,BOS,Louisville,2015,1.0,16.0,16.0
thaddeus-young,31,31.0,917.0,177,370,138.0,277.0,39.0,93.0,52,70,72.0,79.0,151,63,39.0,12.0,67.0,61.0,445,1,1,8000000.0,Philadelphia,76ers,PHI,Georgia Tech,2007,1.0,12.0,12.0
thomas-bryant,69,69.0,1745.0,305,515,277.0,440.0,28.0,75.0,204,284,146.0,282.0,428,84,43.0,84.0,136.0,203.0,842,2,1,2528233.0,Utah,Jazz,UTA,Indiana,2017,2.0,12.0,42.0
tim-hardaway jr.,107,107.0,3560.0,527,1239,325.0,650.0,202.0,589.0,276,381,62.0,378.0,440,225,76.0,33.0,182.0,212.0,1532,3,1,17897728.0,New York,Knicks,NYK,Michigan,2013,1.0,24.0,24.0
tobias-harris,34,33.0,993.0,185,402,162.0,326.0,23.0,76.0,128,170,67.0,180.0,247,44,24.0,29.0,62.0,70.0,521,1,1,39270150.0,Charlotte,Bobcats,CHA,Tennessee,2011,1.0,19.0,19.0
toumani-camara,250,232.0,6842.0,1050,2046,908.0,1584.0,142.0,462.0,506,802,510.0,1206.0,1716,346,238.0,200.0,546.0,686.0,2748,4,2,1119563.0,Phoenix,Suns,PHX,Dayton,2023,2.0,22.0,52.0
trae-young,32,32.0,1133.0,261,618,143.0,290.0,118.0,328.0,236,274,14.0,111.0,125,279,54.0,8.0,167.0,57.0,876,1,1,40064220.0,Dallas,Mavericks,DAL,Oklahoma,2018,1.0,5.0,5.0
trayce-jackson-davis,126,126.0,4098.0,850,1504,850.0,1501.0,0.0,3.0,558,825,352.0,791.0,1143,271,91.0,270.0,241.0,242.0,2258,4,1,1119563.0,Washington,Wizards,WAS,Indiana,2023,2.0,27.0,57.0
tre-jones,65,65.0,2258.0,294,702,228.0,491.0,66.0,211.0,155,202,51.0,207.0,258,377,120.0,16.0,131.0,107.0,809,2,1,9895833.0,San Antonio,Spurs,SAS,Duke,2020,2.0,11.0,41.0
tre-mann,53,28.0,1293.0,190,450,123.0,258.0,67.0,192.0,93,118,24.0,166.0,190,103,50.0,5.0,100.0,110.0,540,2,1,3191400.0,Oklahoma City,Thunder,OKC,Florida,2021,1.0,18.0,18.0
trey-lyles,36,21.0,828.0,117,240,113.0,211.0,4.0,29.0,75,102,65.0,123.0,188,38,19.0,16.0,41.0,57.0,313,1,1,8000000.0,Utah,Jazz,UTA,Kentucky,2015,1.0,12.0,12.0
trey-murphy iii,172,90.0,4548.0,622,1366,240.0,414.0,382.0,952.0,272,332,134.0,518.0,652,176,124.0,86.0,164.0,334.0,1898,3,2,3359280.0,Memphis,Grizzlies,MEM,Virginia,2021,1.0,17.0,17.0
tristan-thompson,128,99.0,3266.0,463,1055,280.0,593.0,183.0,462.0,520,637,81.0,275.0,356,170,74.0,8.0,212.0,229.0,1629,4,1,2019706.0,Cleveland,Cavaliers,CLE,Texas,2011,1.0,4.0,4.0
troy-brown jr.,35,35.0,1093.0,143,322,111.0,212.0,32.0,110.0,78,105,53.0,164.0,217,111,55.0,7.0,86.0,78.0,396,1,1,4000000.0,Washington,Wizards,WAS,Oregon,2018,1.0,15.0,15.0
ty-jerome,105,76.0,2775.0,363,835,197.0,411.0,166.0,424.0,119,151,29.0,289.0,318,384,127.0,4.0,145.0,202.0,1011,3,1,2439025.0,Philadelphia,76ers,PHI,Virginia,2019,1.0,24.0,24.0
tyler-herro,37,37.0,1207.0,186,403,126.0,234.0,60.0,169.0,87,93,15.0,151.0,166,91,40.0,12.0,60.0,47.0,519,1,1,27000000.0,Miami,Heat,MIA,Kentucky,2019,1.0,13.0,13.0
tyrese-haliburton,57,56.0,1970.0,209,411,108.0,174.0,101.0,237.0,55,71,58.0,191.0,249,267,108.0,45.0,89.0,75.0,574,2,1,5808435.0,Sacramento,Kings,SAC,Iowa State,2020,1.0,12.0,12.0
tyrese-maxey,31,28.0,1069.0,150,351,117.0,238.0,33.0,113.0,100,120,12.0,121.0,133,99,27.0,12.0,67.0,74.0,433,1,1,4343920.0,Philadelphia,76ers,PHI,Kentucky,2020,1.0,21.0,21.0
hunter-tyson,140,73.0,2814.0,382,844,213.0,382.0,169.0,462.0,199,252,115.0,550.0,665,111,80.0,29.0,97.0,191.0,1132,5,1,1119563.0,Oklahoma City,Thunder,OKC,Clemson,2023,2.0,7.0,37.0
tyty-washington jr.,31,29.0,905.0,152,337,116.0,234.0,36.0,103.0,48,64,20.0,87.0,107,120,40.0,6.0,51.0,47.0,388,1,1,2320440.0,Memphis,Grizzlies,MEM,Kentucky,2022,1.0,29.0,29.0
tyus-jones,39,39.0,1322.0,135,324,88.0,200.0,47.0,124.0,144,162,19.0,118.0,137,217,59.0,3.0,76.0,46.0,461,1,1,14000000.0,Cleveland,Cavaliers,CLE,Duke,2015,1.0,24.0,24.0
victor-oladipo,104,75.0,2558.0,406,754,358.0,612.0,48.0,142.0,257,359,207.0,330.0,537,175,161.0,56.0,203.0,248.0,1117,3,1,9450000.0,Orlando,Magic,ORL,Indiana,2013,1.0,2.0,2.0
walker-kessler,126,68.0,2250.0,430,716,408.0,608.0,22.0,108.0,150,260,268.0,468.0,736,78,104.0,360.0,106.0,246.0,1032,2,2,2831160.0,Memphis,Grizzlies,MEM,Auburn,2022,1.0,22.0,22.0
wendell-carter jr.,37,37.0,997.0,179,319,160.0,273.0,19.0,46.0,124,168,109.0,226.0,335,74,30.0,76.0,75.0,105.0,501,1,1,13050000.0,Chicago,Bulls,CHI,Duke,2018,1.0,7.0,7.0
wendell-moore jr.,88,68.0,2586.0,338,736,260.0,518.0,78.0,218.0,188,231,117.0,310.0,427,284,106.0,18.0,185.0,172.0,942,3,1,2421720.0,Dallas,Mavericks,DAL,Duke,2022,1.0,26.0,26.0
xavier-tillman sr.,105,45.0,2235.0,348,598,327.0,521.0,21.0,77.0,196,282,214.0,482.0,696,167,83.0,153.0,135.0,226.0,913,3,1,1930681.0,Sacramento,Kings,SAC,Michigan State,2020,2.0,5.0,35.0
zach-collins,39,0.0,673.0,135,207,125.0,186.0,10.0,21.0,110,148,66.0,164.0,230,16,18.0,69.0,60.0,105.0,390,1,1,7700000.0,Sacramento,Kings,SAC,Gonzaga,2017,1.0,10.0,10.0
zach-lavine,37,1.0,904.0,127,288,79.0,160.0,48.0,128.0,47,68,18.0,76.0,94,66,33.0,6.0,42.0,73.0,349,1,1,40064220.0,Minnesota,Timberwolves,MIN,California-Los Angeles,2014,1.0,13.0,13.0
zeke-nnaji,32,32.0,981.0,179,314,174.0,297.0,5.0,17.0,152,200,99.0,177.0,276,27,23.0,28.0,70.0,76.0,515,1,1,4306281.0,Denver,Nuggets,DEN,Arizona,2020,1.0,22.0,22.0
ziaire-williams,20,14.0,558.0,76,203,53.0,124.0,23.0,79.0,39,49,10.0,81.0,91,44,17.0,11.0,58.0,48.0,214,1,1,4810200.0,New Orleans,Pelicans,NOP,Stanford,2021,1.0,10.0,10.0
zion-williamson,33,33.0,990.0,296,435,272.0,364.0,24.0,71.0,130,203,116.0,177.0,293,68,70.0,59.0,78.0,68.0,746,1,1,34005250.0,New Orleans,Pelicans,NOP,Duke,2019,1.0,1.0,1.0
